gender,SeniorCitizen,Partner,Dependents,tenure,PhoneService,PaperlessBilling,MonthlyCharges,TotalCharges,MultipleLines_No phone service,MultipleLines_Yes,InternetService_Fiber optic,InternetService_No,OnlineSecurity_No internet service,OnlineSecurity_Yes,OnlineBackup_No internet service,OnlineBackup_Yes,DeviceProtection_No internet service,DeviceProtection_Yes,TechSupport_No internet service,TechSupport_Yes,StreamingTV_No internet service,StreamingTV_Yes,StreamingMovies_No internet service,StreamingMovies_Yes,Contract_One year,Contract_Two year,PaymentMethod_Credit card (automatic),PaymentMethod_Electronic check,PaymentMethod_Mailed check,Actual_Churn,Predicted_Churn,Predicted_Probability
1,1,1,0,61,1,0,25.0,1501.75,False,True,False,True,True,False,True,False,True,False,True,False,True,False,True,False,False,True,False,False,False,0,0,0.0058
0,0,0,0,19,1,0,24.7,465.85,False,True,False,True,True,False,True,False,True,False,True,False,True,False,True,False,False,False,False,False,False,0,0,0.126
1,0,1,0,13,1,1,102.25,1359.0,False,True,True,False,False,False,False,False,False,True,False,False,False,True,False,True,False,False,True,False,False,1,1,0.6812
1,0,1,0,37,1,1,55.05,2030.75,False,True,False,False,False,True,False,False,False,False,False,False,False,False,False,False,False,False,False,False,True,0,0,0.1174
0,0,0,0,6,0,0,29.45,161.45,True,False,False,False,False,True,False,False,False,False,False,False,False,False,False,False,False,False,False,False,False,0,0,0.3592
1,0,1,0,3,0,0,29.8,94.4,True,False,False,False,False,False,False,True,False,False,False,False,False,False,False,False,False,False,True,False,False,0,0,0.4435
1,1,1,1,52,1,1,80.85,4079.55,False,True,False,False,False,False,False,True,False,True,False,False,False,True,False,True,True,False,False,True,False,0,0,0.1286
0,1,0,0,15,1,1,91.5,1400.3,False,False,True,False,False,False,False,False,False,False,False,False,False,True,False,True,False,False,False,True,False,0,1,0.7522
0,0,0,0,26,1,1,69.5,1800.05,False,True,False,False,False,True,False,True,False,False,False,False,False,True,False,False,False,False,False,False,False,0,0,0.218
1,0,1,0,66,1,0,85.25,5538.35,False,True,False,False,False,True,False,True,False,False,False,True,False,True,False,True,False,True,False,True,False,0,0,0.018
1,0,0,0,4,1,0,86.05,308.1,False,False,True,False,False,False,False,False,False,True,False,False,False,False,False,True,False,False,False,True,False,0,1,0.6505
1,0,1,0,8,1,0,75.0,632.95,False,False,True,False,False,True,False,False,False,False,False,False,False,False,False,False,False,False,False,True,False,1,0,0.4708
1,0,0,0,48,1,0,20.15,982.95,False,False,False,True,True,False,True,False,True,False,True,False,True,False,True,False,False,True,True,False,False,0,0,0.0054
0,0,0,1,10,1,0,73.55,693.3,False,True,False,False,False,True,False,False,False,True,False,True,False,False,False,True,True,False,True,False,False,0,0,0.0867
0,0,0,0,64,1,1,115.1,7334.05,False,True,True,False,False,True,False,True,False,True,False,True,False,True,False,True,False,True,False,False,False,0,0,0.0711
1,0,0,0,22,1,1,93.2,2157.3,False,False,True,False,False,False,False,True,False,False,False,False,False,True,False,True,False,False,False,False,True,0,1,0.5644
1,1,0,0,1,1,1,93.55,93.55,False,True,True,False,False,False,False,False,False,False,False,False,False,True,False,True,False,False,False,True,False,1,1,0.8564
1,0,0,0,67,1,0,50.55,3260.1,False,False,False,False,False,False,False,False,False,False,False,True,False,False,False,False,False,True,False,False,False,0,0,0.0055
1,0,0,1,22,1,1,89.4,2001.5,False,False,True,False,False,False,False,True,False,True,False,False,False,True,False,False,False,False,False,True,False,1,1,0.507
1,0,1,0,65,1,1,91.85,5940.85,False,True,True,False,False,False,False,True,False,False,False,False,False,True,False,False,False,False,False,False,False,1,0,0.2497
1,0,1,1,34,0,0,30.4,938.65,True,False,False,False,False,True,False,False,False,False,False,False,False,False,False,False,True,False,False,False,False,0,0,0.0483
0,0,1,0,72,1,0,20.05,1423.65,False,False,False,True,True,False,True,False,True,False,True,False,True,False,True,False,False,True,False,False,False,0,0,0.0019
1,0,0,0,5,1,1,51.35,262.3,False,False,False,False,False,False,False,True,False,False,False,False,False,False,False,False,False,False,False,True,False,0,0,0.4205
1,1,1,0,46,1,1,98.85,4564.9,False,True,True,False,False,False,False,False,False,True,False,False,False,True,False,True,False,False,False,True,False,0,1,0.6294
0,0,0,0,2,1,1,70.15,123.8,False,False,True,False,False,False,False,False,False,False,False,False,False,False,False,False,False,False,False,True,False,0,1,0.6859
1,0,1,1,37,1,1,58.75,2203.1,False,False,False,False,False,True,False,False,False,True,False,True,False,False,False,False,True,False,False,False,True,0,0,0.0269
0,0,0,0,33,1,0,25.7,826.1,False,True,False,True,True,False,True,False,True,False,True,False,True,False,True,False,False,True,True,False,False,0,0,0.0157
0,0,0,1,16,1,1,19.3,360.35,False,False,False,True,True,False,True,False,True,False,True,False,True,False,True,False,True,False,False,False,False,0,0,0.0619
1,0,0,0,6,1,1,74.9,469.8,False,True,True,False,False,False,False,False,False,False,False,False,False,False,False,False,False,False,False,True,False,1,1,0.6997
0,0,1,1,13,1,0,55.95,734.35,False,False,False,False,False,False,False,False,False,False,False,False,False,False,False,True,False,False,False,True,False,1,0,0.3364
1,0,1,0,47,1,1,95.2,4563.0,False,True,True,False,False,False,False,False,False,False,False,False,False,True,False,True,True,False,True,False,False,0,0,0.2753
0,0,0,0,1,1,1,69.5,69.5,False,False,True,False,False,False,False,False,False,False,False,False,False,False,False,False,False,False,False,True,False,1,1,0.6978
1,0,1,1,39,1,0,80.0,3182.95,False,False,False,False,False,True,False,False,False,True,False,True,False,True,False,True,True,False,True,False,False,1,0,0.0354
1,1,1,0,63,1,0,108.5,6991.9,False,True,True,False,False,True,False,True,False,True,False,False,False,True,False,True,False,True,True,False,False,0,0,0.0913
0,0,0,0,10,1,0,18.85,163.2,False,False,False,True,True,False,True,False,True,False,True,False,True,False,True,False,False,False,False,False,True,0,0,0.1459
1,0,0,0,10,1,1,24.0,226.55,False,True,False,True,True,False,True,False,True,False,True,False,True,False,True,False,False,False,False,True,False,0,0,0.2766
0,0,0,0,18,1,1,95.05,1679.4,False,True,True,False,False,False,False,False,False,True,False,True,False,False,False,True,False,False,False,False,False,0,1,0.5204
1,0,0,0,1,1,1,49.8,49.8,False,False,False,False,False,True,False,False,False,False,False,False,False,False,False,False,False,False,True,False,False,0,0,0.3008
1,0,1,0,66,0,1,56.6,3789.2,True,False,False,False,False,True,False,True,False,True,False,True,False,True,False,False,False,True,False,False,False,0,0,0.0119
1,1,0,0,69,1,0,20.3,1356.3,False,False,False,True,True,False,True,False,True,False,True,False,True,False,True,False,False,True,True,False,False,0,0,0.0023
1,0,0,0,3,1,1,69.35,191.35,False,False,False,False,False,False,False,False,False,False,False,True,False,True,False,True,False,False,False,True,False,1,0,0.4984
0,0,0,0,68,1,0,19.6,1441.65,False,False,False,True,True,False,True,False,True,False,True,False,True,False,True,False,False,True,True,False,False,0,0,0.002
1,0,1,1,6,1,0,19.45,113.5,False,False,False,True,True,False,True,False,True,False,True,False,True,False,True,False,True,False,False,False,True,0,0,0.0739
1,0,0,0,72,1,0,19.85,1434.1,False,False,False,True,True,False,True,False,True,False,True,False,True,False,True,False,False,True,False,False,False,0,0,0.0017
0,1,1,0,58,1,1,100.4,5749.8,False,True,True,False,False,False,False,False,False,False,False,True,False,True,False,True,False,False,False,False,False,0,0,0.3829
0,0,1,1,45,1,1,105.15,4730.9,False,True,True,False,False,True,False,True,False,False,False,False,False,True,False,True,False,False,False,True,False,0,0,0.4049
1,0,1,1,68,1,1,110.2,7467.5,False,True,True,False,False,True,False,True,False,True,False,False,False,True,False,True,False,True,False,True,False,0,0,0.0925
1,0,1,1,32,1,1,99.55,3204.65,False,True,True,False,False,True,False,False,False,False,False,False,False,True,False,True,False,False,True,False,False,1,0,0.4052
1,0,0,0,1,1,1,74.9,74.9,False,True,True,False,False,False,False,False,False,False,False,False,False,False,False,False,False,False,False,True,False,1,1,0.7348
1,0,0,0,9,1,1,70.5,597.9,False,False,True,False,False,False,False,False,False,False,False,False,False,False,False,False,False,False,False,True,False,0,1,0.6166
0,0,1,1,19,0,1,24.85,434.8,True,False,False,False,False,False,False,False,False,False,False,False,False,False,False,False,False,False,False,False,True,0,0,0.3142
1,0,1,1,60,1,1,65.85,3928.3,False,False,False,False,False,True,False,True,False,True,False,True,False,False,False,False,True,False,False,False,False,0,0,0.0108
0,0,0,0,29,1,1,78.9,2384.15,False,False,True,False,False,False,False,False,False,False,False,False,False,True,False,False,False,False,False,True,False,1,1,0.5343
1,0,1,1,72,1,1,114.05,8468.2,False,True,True,False,False,True,False,True,False,True,False,True,False,True,False,True,False,True,True,False,False,0,0,0.047
1,1,1,0,43,1,1,94.3,3953.15,False,True,True,False,False,False,False,True,False,False,False,True,False,True,False,False,False,False,False,True,False,0,0,0.435
1,0,1,1,1,1,1,69.9,69.9,False,False,True,False,False,False,False,False,False,False,False,False,False,False,False,False,False,False,False,False,True,1,1,0.575
0,0,1,1,15,1,0,76.5,1155.6,False,False,False,False,False,False,False,True,False,True,False,True,False,True,False,True,False,False,False,False,False,0,0,0.2363
1,0,0,0,3,1,0,90.7,237.65,False,False,True,False,False,False,False,False,False,False,False,False,False,True,False,True,False,False,False,False,True,0,1,0.6427
1,0,1,1,49,1,1,99.8,4872.45,False,True,True,False,False,False,False,False,False,True,False,False,False,True,False,True,False,False,False,True,False,1,0,0.4876
1,0,0,0,12,1,1,89.55,1021.75,False,True,True,False,False,False,False,False,False,True,False,False,False,True,False,False,False,False,False,True,False,0,1,0.7061
1,0,0,0,1,1,1,80.85,80.85,False,False,True,False,False,False,False,False,False,False,False,False,False,False,False,True,False,False,False,False,True,1,1,0.6681
1,0,0,0,21,1,0,20.5,402.85,False,False,False,True,True,False,True,False,True,False,True,False,True,False,True,False,False,False,True,False,False,0,0,0.0771
0,0,1,0,18,1,0,74.8,1438.05,False,False,True,False,False,True,False,False,False,False,False,False,False,False,False,False,False,False,False,True,False,0,0,0.3957
0,1,1,1,72,1,0,92.45,6440.25,False,True,False,False,False,True,False,True,False,True,False,True,False,True,False,True,False,True,True,False,False,1,0,0.0113
1,0,0,0,72,1,0,19.3,1414.8,False,False,False,True,True,False,True,False,True,False,True,False,True,False,True,False,False,True,False,False,False,0,0,0.0018
0,0,0,0,46,1,1,74.8,3548.3,False,False,True,False,False,False,False,False,False,True,False,False,False,False,False,False,False,False,True,False,False,0,0,0.2359
0,1,0,0,7,1,0,76.45,503.6,False,False,True,False,False,True,False,False,False,False,False,False,False,False,False,False,False,False,False,False,False,1,0,0.4627
0,0,1,1,72,1,0,84.7,5893.9,False,True,False,False,False,True,False,False,False,True,False,True,False,True,False,True,False,True,True,False,False,0,0,0.0088
1,0,0,0,39,1,0,19.9,791.15,False,False,False,True,True,False,True,False,True,False,True,False,True,False,True,False,True,False,False,False,True,0,0,0.0162
0,1,1,0,72,1,0,78.45,5682.25,False,True,False,False,False,True,False,True,False,True,False,True,False,False,False,True,False,True,False,False,False,0,0,0.0111
1,0,0,0,1,1,0,50.75,50.75,False,True,False,False,False,False,False,False,False,False,False,False,False,False,False,False,False,False,False,False,True,0,0,0.4029
1,0,0,1,72,1,0,19.9,1529.65,False,False,False,True,True,False,True,False,True,False,True,False,True,False,True,False,False,True,True,False,False,0,0,0.0013
1,0,1,0,6,1,1,82.85,460.25,False,True,True,False,False,False,False,False,False,False,False,False,False,True,False,False,False,False,False,True,False,1,1,0.762
0,0,0,1,44,1,0,19.9,868.1,False,False,False,True,True,False,True,False,True,False,True,False,True,False,True,False,False,True,False,False,True,0,0,0.0059
0,0,0,0,1,1,0,20.95,20.95,False,False,False,True,True,False,True,False,True,False,True,False,True,False,True,False,False,False,False,False,True,1,0,0.21
0,0,1,0,18,1,0,20.1,370.5,False,False,False,True,True,False,True,False,True,False,True,False,True,False,True,False,False,True,False,False,True,0,0,0.0299
1,0,1,1,41,1,0,68.5,2839.95,False,True,False,False,False,False,False,True,False,True,False,False,False,True,False,False,True,False,False,False,False,0,0,0.0669
0,0,1,1,48,1,0,20.2,1027.25,False,False,False,True,True,False,True,False,True,False,True,False,True,False,True,False,False,True,False,False,False,0,0,0.0055
0,0,1,1,72,1,0,117.5,8670.1,False,True,True,False,False,True,False,True,False,True,False,True,False,True,False,True,False,True,True,False,False,0,0,0.0369
0,0,1,1,62,1,1,70.45,4300.45,False,True,False,False,False,False,False,False,False,False,False,False,False,True,False,True,False,False,True,False,False,0,0,0.1052
0,0,1,1,1,1,0,19.45,19.45,False,False,False,True,True,False,True,False,True,False,True,False,True,False,True,False,False,False,False,True,False,0,0,0.2433
0,0,0,0,11,1,1,79.0,929.3,False,True,True,False,False,True,False,False,False,False,False,False,False,False,False,False,False,False,False,False,False,0,1,0.5082
1,0,0,0,12,1,0,81.7,858.6,False,False,True,False,False,True,False,False,False,True,False,False,False,False,False,False,False,False,False,False,False,1,0,0.3428
0,0,0,0,35,1,1,86.45,3029.1,False,True,True,False,False,False,False,False,False,False,False,False,False,True,False,False,False,False,False,True,False,1,1,0.5372
1,0,0,0,17,1,1,70.8,1207.0,False,False,True,False,False,False,False,False,False,False,False,False,False,False,False,False,False,False,False,True,False,0,1,0.5459
1,0,1,1,34,1,1,78.95,2647.2,False,False,True,False,False,False,False,False,False,False,False,False,False,False,False,True,True,False,False,False,False,0,0,0.2159
0,0,1,1,59,1,0,90.3,5194.05,False,True,False,False,False,True,False,True,False,True,False,True,False,True,False,True,False,True,True,False,False,0,0,0.0133
0,0,1,1,41,1,1,66.5,2728.6,False,False,False,False,False,False,False,True,False,False,False,True,False,False,False,True,True,False,False,False,False,1,0,0.046
1,0,1,1,35,1,0,25.45,809.25,False,True,False,True,True,False,True,False,True,False,True,False,True,False,True,False,False,True,False,False,False,0,0,0.0131
0,0,1,1,72,1,0,80.2,5714.2,False,True,False,False,False,True,False,True,False,True,False,True,False,True,False,False,False,True,False,False,False,0,0,0.0066
1,1,0,0,24,1,0,54.8,1291.3,False,True,False,False,False,False,False,True,False,False,False,False,False,False,False,False,False,False,True,False,False,0,0,0.2162
0,0,1,0,43,1,1,64.85,2908.2,False,True,False,False,False,False,False,False,False,False,False,True,False,True,False,False,True,False,False,False,False,0,0,0.0748
0,0,0,0,10,1,1,94.85,953.45,False,True,True,False,False,False,False,True,False,True,False,False,False,False,False,True,False,False,False,True,False,1,1,0.7095
1,0,1,1,28,0,1,60.0,1682.05,True,False,False,False,False,False,False,True,False,True,False,True,False,True,False,True,True,False,True,False,False,0,0,0.1302
0,1,0,0,43,1,1,90.25,3838.75,False,True,True,False,False,False,False,True,False,False,False,False,False,True,False,False,False,False,False,True,False,0,1,0.5214
0,0,0,0,72,1,0,20.25,1566.9,False,False,False,True,True,False,True,False,True,False,True,False,True,False,True,False,False,True,True,False,False,0,0,0.0016
1,0,1,1,24,1,1,56.25,1454.25,False,False,False,False,False,True,False,False,False,True,False,False,False,False,False,False,True,False,True,False,False,0,0,0.0597
1,0,1,0,9,1,1,70.05,564.4,False,False,False,False,False,False,False,False,False,True,False,False,False,True,False,True,False,False,False,False,True,0,0,0.4661
0,0,1,1,6,1,1,48.95,273.25,False,True,False,False,False,False,False,False,False,False,False,False,False,False,False,False,False,False,True,False,False,0,0,0.3731
1,0,0,0,46,0,1,30.75,1489.3,True,False,False,False,False,True,False,False,False,False,False,False,False,False,False,False,True,False,False,False,False,0,0,0.0438
1,0,0,0,57,1,0,20.65,1125.6,False,False,False,True,True,False,True,False,True,False,True,False,True,False,True,False,False,True,False,False,False,0,0,0.0038
0,1,1,0,68,1,1,100.2,6851.65,False,True,True,False,False,False,False,True,False,False,False,False,False,True,False,True,False,False,False,True,False,1,0,0.4587
0,1,1,1,24,1,1,96.55,2263.45,False,False,True,False,False,False,False,False,False,True,False,False,False,True,False,True,False,True,False,True,False,0,0,0.3377
1,0,1,1,26,1,1,83.75,2070.6,False,True,True,False,False,False,False,False,False,False,False,False,False,True,False,False,False,False,False,True,False,1,1,0.5603
1,0,0,0,1,1,0,55.55,55.55,False,False,False,False,False,False,False,False,False,False,False,False,False,False,False,True,False,False,False,False,True,0,0,0.4104
1,0,1,1,72,1,1,105.55,7542.25,False,True,True,False,False,True,False,False,False,True,False,False,False,True,False,True,False,True,False,False,False,0,0,0.0666
0,1,1,0,33,1,1,80.6,2656.5,False,True,True,False,False,False,False,True,False,False,False,False,False,False,False,False,False,False,False,False,False,1,0,0.4666
1,0,0,0,39,1,1,49.8,1971.15,False,False,False,False,False,False,False,False,False,False,False,True,False,False,False,False,False,True,False,False,False,0,0,0.0252
1,0,0,0,9,1,1,75.85,724.65,False,True,True,False,False,False,False,False,False,False,False,False,False,False,False,False,False,False,False,True,False,0,1,0.6742
0,0,1,1,41,0,0,35.4,1412.4,True,False,False,False,False,True,False,False,False,True,False,False,False,False,False,False,True,False,True,False,False,0,0,0.0331
1,0,0,0,71,1,0,97.65,6687.85,False,True,True,False,False,True,False,False,False,False,False,True,False,False,False,True,True,False,True,False,False,0,0,0.0391
0,0,1,1,22,1,0,20.75,452.35,False,False,False,True,True,False,True,False,True,False,True,False,True,False,True,False,True,False,False,False,False,0,0,0.0356
1,0,1,1,72,1,0,82.3,5815.15,False,True,False,False,False,True,False,True,False,True,False,True,False,True,False,False,False,True,False,False,False,0,0,0.0063
0,1,0,0,13,1,1,96.85,1235.55,False,False,True,False,False,False,False,False,False,True,False,False,False,True,False,True,False,False,False,True,False,0,1,0.7595
0,0,0,0,68,1,0,25.5,1821.8,False,True,False,True,True,False,True,False,True,False,True,False,True,False,True,False,False,True,False,False,False,0,0,0.0032
1,0,0,0,1,1,0,44.6,44.6,False,False,False,False,False,False,False,False,False,False,False,False,False,False,False,False,False,False,False,False,True,0,0,0.3562
0,0,1,0,70,1,0,19.8,1397.65,False,False,False,True,True,False,True,False,True,False,True,False,True,False,True,False,False,True,False,False,False,0,0,0.0021
0,0,1,0,68,1,0,58.25,3975.7,False,True,False,False,False,True,False,False,False,False,False,True,False,False,False,False,True,False,False,False,False,0,0,0.0102
1,0,1,1,37,0,0,40.2,1448.8,True,False,False,False,False,True,False,True,False,True,False,False,False,False,False,False,False,False,False,False,False,1,0,0.0855
0,0,1,1,41,1,0,19.7,804.25,False,False,False,True,True,False,True,False,True,False,True,False,True,False,True,False,False,True,False,False,False,0,0,0.0078
1,1,0,0,4,1,0,75.35,273.4,False,False,True,False,False,True,False,False,False,False,False,False,False,False,False,False,False,False,False,True,False,0,1,0.5522
1,0,0,0,4,1,1,88.45,370.65,False,False,True,False,False,False,False,False,False,False,False,False,False,True,False,True,False,False,False,True,False,1,1,0.7715
1,0,0,0,72,1,1,103.65,7634.8,False,True,True,False,False,False,False,True,False,True,False,False,False,True,False,True,False,True,False,True,False,0,0,0.1396
1,0,0,1,23,1,0,19.8,465.45,False,False,False,True,True,False,True,False,True,False,True,False,True,False,True,False,True,False,False,False,True,0,0,0.0299
0,0,0,0,15,1,0,25.05,369.1,False,True,False,True,True,False,True,False,True,False,True,False,True,False,True,False,False,True,False,False,False,0,0,0.0445
1,0,0,0,13,0,1,45.55,597.0,True,False,False,False,False,True,False,False,False,False,False,True,False,True,False,False,False,False,True,False,False,1,0,0.2745
0,0,0,0,5,1,1,20.5,104.3,False,False,False,True,True,False,True,False,True,False,True,False,True,False,True,False,False,False,False,False,True,0,0,0.2224
0,0,1,0,46,1,0,70.6,3231.05,False,False,False,False,False,True,False,True,False,False,False,True,False,False,False,True,True,False,False,False,True,0,0,0.0236
0,0,0,0,12,0,1,33.6,435.45,True,False,False,False,False,True,False,False,False,False,False,True,False,False,False,False,True,False,False,False,True,0,0,0.1402
1,0,0,0,44,1,0,19.5,835.5,False,False,False,True,True,False,True,False,True,False,True,False,True,False,True,False,True,False,True,False,False,0,0,0.0115
0,0,0,0,68,0,0,44.95,3085.35,True,False,False,False,False,False,False,True,False,False,False,True,False,False,False,True,False,False,False,True,False,0,0,0.0504
0,0,0,0,1,1,1,19.9,19.9,False,False,False,True,True,False,True,False,True,False,True,False,True,False,True,False,False,False,False,False,True,1,0,0.2632
1,0,1,0,30,1,0,19.8,576.65,False,False,False,True,True,False,True,False,True,False,True,False,True,False,True,False,True,False,True,False,False,0,0,0.025
1,0,1,1,41,1,1,102.6,4213.35,False,True,True,False,False,False,False,False,False,True,False,True,False,True,False,True,True,False,False,True,False,1,0,0.2839
1,0,1,0,14,1,1,85.15,1139.2,False,True,True,False,False,False,False,False,False,False,False,False,False,False,False,True,False,False,False,True,False,1,1,0.7049
0,0,1,0,59,1,1,94.75,5597.65,False,True,True,False,False,True,False,True,False,False,False,False,False,True,False,False,False,False,False,True,False,0,0,0.2761
0,0,0,0,56,1,1,19.55,1080.55,False,False,False,True,True,False,True,False,True,False,True,False,True,False,True,False,False,True,False,False,False,0,0,0.0055
0,1,0,0,11,1,1,84.8,906.85,False,True,True,False,False,False,False,False,False,False,False,False,False,False,False,True,False,False,True,False,False,1,1,0.6947
1,0,0,0,54,1,1,108.0,5760.65,False,True,True,False,False,True,False,True,False,False,False,True,False,True,False,True,False,True,True,False,False,0,0,0.0711
0,0,0,0,36,1,0,55.8,1941.5,False,True,False,False,False,False,False,False,False,True,False,False,False,False,False,False,True,False,False,True,False,0,0,0.0904
1,0,0,0,16,1,0,19.75,284.35,False,False,False,True,True,False,True,False,True,False,True,False,True,False,True,False,False,True,False,False,True,0,0,0.0304
0,0,1,1,30,1,0,80.8,2369.3,False,False,False,False,False,False,False,True,False,True,False,True,False,True,False,True,False,True,False,False,False,0,0,0.0429
1,0,0,0,46,1,0,72.8,3249.4,False,True,True,False,False,False,False,False,False,False,False,False,False,False,False,False,False,False,False,False,False,0,0,0.2406
1,0,1,1,25,1,0,54.3,1296.8,False,False,False,False,False,True,False,False,False,False,False,True,False,False,False,False,False,False,False,True,False,0,0,0.089
0,1,0,0,8,1,1,75.75,606.25,False,True,True,False,False,False,False,False,False,False,False,False,False,False,False,False,False,False,False,True,False,1,1,0.7393
0,0,1,1,57,1,0,65.2,3687.85,False,True,False,False,False,True,False,True,False,False,False,True,False,False,False,False,False,False,False,False,False,0,0,0.0258
0,1,1,0,72,1,1,116.75,8277.05,False,True,True,False,False,True,False,True,False,True,False,True,False,True,False,True,False,True,True,False,False,0,0,0.068
0,1,0,0,35,1,0,70.55,2419.0,False,False,True,False,False,False,False,False,False,False,False,False,False,False,False,False,False,False,False,True,False,0,0,0.3815
0,0,0,0,1,1,1,45.4,45.4,False,False,False,False,False,False,False,False,False,False,False,False,False,False,False,False,False,False,False,False,True,1,0,0.4248
1,0,1,0,6,1,1,75.5,438.0,False,True,True,False,False,False,False,False,False,False,False,False,False,False,False,False,False,False,False,True,False,1,1,0.7055
0,0,1,1,45,1,1,25.9,1216.6,False,True,False,True,True,False,True,False,True,False,True,False,True,False,True,False,True,False,True,False,False,0,0,0.0168
1,1,0,0,1,1,0,45.2,45.2,False,False,False,False,False,False,False,False,False,False,False,False,False,False,False,False,False,False,False,True,False,0,0,0.4953
0,0,0,0,72,1,1,84.7,6185.15,False,True,True,False,False,True,False,False,False,False,False,True,False,False,False,False,False,True,False,False,False,0,0,0.0238
0,0,1,1,72,0,0,55.65,3880.05,True,False,False,False,False,True,False,True,False,True,False,True,False,False,False,True,False,True,True,False,False,0,0,0.0049
1,0,0,0,9,0,1,45.4,418.8,True,False,False,False,False,False,False,False,False,False,False,False,False,True,False,True,False,False,False,True,False,1,1,0.6746
0,1,0,0,49,1,1,89.85,4287.2,False,False,True,False,False,False,False,True,False,True,False,False,False,False,False,True,True,False,False,False,False,0,0,0.2017
0,0,0,0,23,1,0,83.2,2032.3,False,False,True,False,False,False,False,True,False,True,False,True,False,False,False,False,False,False,False,False,False,0,0,0.2828
1,0,1,0,35,1,1,91.5,3236.35,False,True,True,False,False,False,False,False,False,False,False,True,False,True,False,False,False,False,True,False,False,0,0,0.3561
1,0,0,0,5,0,1,43.25,219.0,True,False,False,False,False,True,False,True,False,True,False,True,False,False,False,False,False,False,False,False,True,1,0,0.2961
1,0,1,1,13,1,0,84.05,1095.3,False,False,True,False,False,True,False,False,False,False,False,False,False,False,False,True,False,False,False,True,False,1,0,0.4448
0,0,1,0,45,1,1,50.25,2221.55,False,False,False,False,False,False,False,False,False,True,False,False,False,False,False,False,False,False,True,False,False,0,0,0.0937
1,0,1,0,12,1,1,74.15,741.4,False,False,False,False,False,False,False,False,False,True,False,True,False,True,False,True,False,False,False,True,False,0,0,0.4173
0,0,0,0,72,1,1,21.15,1419.4,False,False,False,True,True,False,True,False,True,False,True,False,True,False,True,False,False,True,False,False,False,0,0,0.0023
0,0,1,1,1,1,1,19.4,19.4,False,False,False,True,True,False,True,False,True,False,True,False,True,False,True,False,False,False,False,False,True,0,0,0.2338
0,0,0,0,37,1,1,78.9,2976.95,False,True,False,False,False,True,False,True,False,True,False,True,False,True,False,False,False,False,True,False,False,0,0,0.1059
1,0,0,0,45,1,0,18.85,867.3,False,False,False,True,True,False,True,False,True,False,True,False,True,False,True,False,True,False,False,False,False,0,0,0.0127
1,0,1,0,9,1,1,94.85,890.6,False,False,True,False,False,False,False,True,False,True,False,True,False,True,False,False,False,False,False,False,True,1,0,0.4911
1,0,0,0,15,1,1,101.35,1553.95,False,False,True,False,False,False,False,False,False,True,False,True,False,True,False,True,False,False,False,True,False,1,1,0.6057
0,0,0,0,1,1,1,94.6,94.6,False,True,True,False,False,False,False,False,False,False,False,False,False,True,False,True,False,False,False,True,False,1,1,0.823
0,1,1,1,22,1,0,85.35,1961.6,False,True,True,False,False,False,False,False,False,False,False,False,False,True,False,False,False,False,False,False,False,0,1,0.5415
1,0,0,0,2,1,1,80.95,171.15,False,False,True,False,False,False,False,False,False,False,False,False,False,False,False,True,False,False,False,True,False,1,1,0.7297
1,1,0,0,60,1,1,71.75,4374.55,False,True,False,False,False,True,False,True,False,False,False,False,False,False,False,True,True,False,False,True,False,0,0,0.0572
0,0,0,0,26,1,1,69.05,1815.65,False,False,True,False,False,False,False,False,False,False,False,False,False,False,False,False,False,False,True,False,False,0,0,0.3793
0,0,0,1,15,1,0,19.65,270.6,False,False,False,True,True,False,True,False,True,False,True,False,True,False,True,False,True,False,False,False,True,0,0,0.0459
0,0,0,0,35,1,0,80.05,2835.9,False,True,True,False,False,False,False,False,False,False,False,True,False,False,False,False,False,False,True,False,False,0,0,0.2306
0,1,0,0,42,1,1,104.75,4323.45,False,True,True,False,False,False,False,True,False,True,False,False,False,True,False,True,False,False,False,False,False,1,1,0.5667
1,0,1,0,43,1,1,56.35,2391.15,False,False,False,False,False,False,False,False,False,False,False,False,False,True,False,False,True,False,False,False,True,0,0,0.069
0,0,1,0,11,1,1,102.0,1145.35,False,True,True,False,False,False,False,True,False,False,False,False,False,True,False,True,False,False,False,True,False,1,1,0.7588
1,0,0,0,37,1,1,90.6,3358.65,False,True,False,False,False,True,False,True,False,True,False,True,False,True,False,True,True,False,False,False,False,0,0,0.0782
0,0,1,0,65,1,1,107.65,7082.85,False,True,True,False,False,False,False,True,False,True,False,True,False,True,False,True,False,True,False,False,False,0,0,0.1038
1,0,0,0,1,1,0,46.3,46.3,False,False,False,False,False,False,False,False,False,False,False,False,False,False,False,False,False,False,False,False,True,1,0,0.3482
0,0,0,0,16,1,1,65.2,1043.35,False,True,False,False,False,False,False,False,False,True,False,False,False,False,False,True,False,False,True,False,False,1,0,0.3765
0,0,1,1,72,1,0,68.75,4888.2,False,False,False,False,False,True,False,True,False,True,False,False,False,False,False,True,False,True,True,False,False,0,0,0.0057
0,0,0,0,1,0,1,24.9,24.9,True,False,False,False,False,False,False,False,False,False,False,False,False,False,False,False,False,False,False,False,True,0,1,0.5796
1,0,0,0,4,0,0,42.4,146.4,True,False,False,False,False,True,False,True,False,False,False,True,False,False,False,False,False,False,False,False,True,0,0,0.2369
0,0,1,0,72,1,0,64.75,4804.75,False,True,False,False,False,True,False,True,False,False,False,True,False,False,False,False,False,True,False,False,False,0,0,0.0051
1,0,0,0,30,1,0,90.4,2820.65,False,True,True,False,False,True,False,True,False,True,False,False,False,False,False,False,True,False,False,False,False,0,0,0.1474
0,0,0,0,5,1,1,85.3,420.45,False,False,True,False,False,False,False,True,False,False,False,False,False,True,False,False,False,False,False,False,True,0,1,0.6152
1,0,0,1,53,1,0,95.95,5036.9,False,False,True,False,False,True,False,True,False,True,False,False,False,False,False,True,True,False,False,True,False,0,0,0.0852
0,1,0,0,1,0,0,25.25,25.25,True,False,False,False,False,False,False,False,False,False,False,False,False,False,False,False,False,False,False,True,False,1,1,0.6514
0,0,0,0,3,1,0,55.35,165.2,False,False,False,False,False,True,False,True,False,False,False,False,False,False,False,False,False,False,False,True,False,1,0,0.2885
1,0,0,0,3,1,1,89.85,244.45,False,False,True,False,False,False,False,False,False,True,False,True,False,True,False,False,False,False,False,False,True,0,1,0.5482
1,1,0,0,67,1,1,101.4,6841.05,False,True,True,False,False,False,False,False,False,True,False,False,False,True,False,True,False,False,True,False,False,0,0,0.3741
1,0,1,1,23,1,0,57.2,1423.35,False,False,False,False,False,True,False,False,False,False,False,True,False,False,False,False,True,False,True,False,False,0,0,0.0322
1,0,1,1,72,1,1,75.4,5480.25,False,False,False,False,False,False,False,True,False,True,False,False,False,True,False,True,False,True,False,False,False,0,0,0.0188
0,0,0,0,26,0,1,44.45,1183.8,True,False,False,False,False,False,False,False,False,True,False,True,False,True,False,False,False,False,True,False,False,0,0,0.2544
0,1,0,0,71,1,0,89.85,6293.45,False,True,False,False,False,True,False,True,False,True,False,True,False,True,False,True,False,True,False,False,True,0,0,0.0153
0,0,1,0,68,1,1,89.95,5974.3,False,True,True,False,False,False,False,False,False,True,False,False,False,True,False,False,False,True,False,False,False,0,0,0.0816
0,0,0,0,2,1,1,75.9,143.35,False,True,True,False,False,False,False,False,False,False,False,False,False,False,False,False,False,False,False,True,False,1,1,0.7295
0,0,1,1,64,1,1,90.6,5817.45,False,True,False,False,False,True,False,True,False,True,False,True,False,True,False,True,False,True,False,False,True,0,0,0.0169
1,0,1,0,22,1,1,20.45,471.55,False,False,False,True,True,False,True,False,True,False,True,False,True,False,True,False,False,False,False,False,False,0,0,0.1135
1,1,0,0,27,1,1,104.65,2964.0,False,True,True,False,False,False,False,True,False,False,False,True,False,True,False,True,True,False,False,False,False,0,0,0.3858
1,0,1,1,60,1,1,103.75,5969.95,False,True,True,False,False,False,False,True,False,False,False,True,False,True,False,True,False,False,False,False,False,0,0,0.2451
1,0,0,0,51,1,0,59.9,3043.6,False,True,False,False,False,True,False,False,False,False,False,True,False,False,False,False,True,False,True,False,False,0,0,0.016
0,0,0,0,8,1,0,84.95,668.4,False,False,True,False,False,True,False,False,False,False,False,False,False,True,False,False,False,False,False,True,False,1,1,0.526
0,0,0,1,7,1,1,71.05,472.65,False,False,True,False,False,False,False,False,False,False,False,False,False,False,False,False,False,False,False,True,False,0,1,0.5882
0,0,1,1,24,1,1,19.7,494.05,False,False,False,True,True,False,True,False,True,False,True,False,True,False,True,False,False,True,False,False,True,0,0,0.0234
0,0,0,1,24,1,0,21.05,531.55,False,False,False,True,True,False,True,False,True,False,True,False,True,False,True,False,True,False,False,False,False,0,0,0.0308
1,1,0,0,39,1,1,95.65,3759.05,False,True,True,False,False,False,False,False,False,False,False,False,False,True,False,True,False,False,False,False,False,1,1,0.5905
0,0,0,0,4,0,0,35.0,135.75,True,False,False,False,False,True,False,False,False,True,False,False,False,False,False,False,False,False,False,False,True,0,0,0.3621
0,0,1,0,17,1,0,19.35,307.0,False,False,False,True,True,False,True,False,True,False,True,False,True,False,True,False,True,False,False,False,True,0,0,0.0539
0,0,1,0,15,1,0,25.2,387.9,False,True,False,True,True,False,True,False,True,False,True,False,True,False,True,False,False,True,False,False,True,0,0,0.0439
0,1,0,0,70,1,1,75.5,5212.65,False,True,False,False,False,False,False,True,False,True,False,True,False,True,False,False,False,True,False,False,False,0,0,0.0197
0,0,0,1,1,1,1,79.6,79.6,False,False,True,False,False,False,False,False,False,False,False,False,False,False,False,True,False,False,False,True,False,1,1,0.7039
0,0,1,1,34,0,0,61.25,1993.2,True,False,False,False,False,True,False,False,False,True,False,True,False,True,False,True,True,False,False,False,True,0,0,0.0644
0,0,1,0,26,1,0,79.3,2015.8,False,True,True,False,False,False,False,True,False,False,False,False,False,False,False,False,False,False,False,False,False,0,0,0.3958
1,0,1,1,55,1,0,20.5,1177.95,False,False,False,True,True,False,True,False,True,False,True,False,True,False,True,False,False,True,False,False,True,0,0,0.0034
0,0,1,0,27,1,0,90.15,2423.4,False,True,True,False,False,False,False,False,False,True,False,False,False,False,False,True,False,False,False,False,False,0,0,0.4937
1,0,1,1,26,1,0,50.35,1285.8,False,False,False,False,False,False,False,False,False,True,False,False,False,False,False,False,True,False,False,False,True,0,0,0.0655
1,0,0,0,39,1,1,73.15,2730.85,False,True,True,False,False,False,False,False,False,False,False,False,False,False,False,False,False,False,True,False,False,0,0,0.3166
1,1,0,0,20,1,0,71.3,1389.2,False,False,True,False,False,False,False,False,False,False,False,False,False,False,False,False,False,False,True,False,False,1,0,0.4101
1,0,1,0,24,1,0,53.6,1315.35,False,False,False,False,False,True,False,False,False,False,False,True,False,False,False,False,False,False,False,False,True,0,0,0.0866
0,0,1,0,68,1,0,90.2,6297.65,False,True,True,False,False,False,False,True,False,True,False,True,False,False,False,False,False,True,True,False,False,0,0,0.0289
1,1,1,0,16,1,1,74.3,1178.25,False,False,True,False,False,False,False,True,False,False,False,False,False,False,False,False,False,False,True,False,False,1,1,0.5123
0,0,0,0,1,1,0,71.1,71.1,False,False,True,False,False,False,False,False,False,False,False,False,False,False,False,False,False,False,False,False,True,0,1,0.5506
1,0,1,0,70,0,1,51.05,3635.15,True,False,False,False,False,False,False,True,False,True,False,True,False,False,False,True,True,False,False,False,False,0,0,0.0249
1,1,0,0,3,1,1,79.9,260.9,False,False,True,False,False,False,False,False,False,False,False,False,False,True,False,False,False,False,False,True,False,1,1,0.7728
0,0,1,0,24,1,1,99.3,2431.35,False,False,True,False,False,False,False,True,False,True,False,False,False,True,False,True,False,False,True,False,False,1,1,0.5471
1,0,1,1,72,1,1,91.95,6614.9,False,True,False,False,False,True,False,True,False,True,False,True,False,True,False,True,False,True,True,False,False,0,0,0.0118
1,0,0,0,1,1,1,19.75,19.75,False,False,False,True,True,False,True,False,True,False,True,False,True,False,True,False,False,False,False,False,True,0,0,0.2578
0,0,0,0,31,0,1,49.85,1520.1,True,False,False,False,False,True,False,True,False,False,False,True,False,False,False,True,False,True,False,False,False,0,0,0.0475
0,0,1,0,1,0,1,24.8,24.8,True,False,False,False,False,False,False,False,False,False,False,False,False,False,False,False,False,False,False,True,False,1,1,0.6682
1,0,1,0,50,1,0,99.4,5059.75,False,True,True,False,False,False,False,False,False,False,False,True,False,True,False,True,True,False,False,True,False,0,0,0.2194
0,0,0,0,61,1,0,88.65,5321.25,False,True,False,False,False,False,False,True,False,True,False,True,False,True,False,True,False,True,True,False,False,0,0,0.0211
1,1,1,0,11,1,1,70.2,834.7,False,False,True,False,False,False,False,False,False,False,False,False,False,False,False,False,False,False,False,True,False,0,1,0.6781
0,0,0,0,2,1,0,45.55,84.4,False,False,False,False,False,False,False,False,False,False,False,False,False,False,False,False,False,False,False,True,False,0,0,0.4255
0,1,0,0,64,1,0,74.65,4869.35,False,True,False,False,False,False,False,True,False,True,False,True,False,False,False,True,False,False,True,False,False,0,0,0.0625
0,0,0,0,18,0,1,40.2,711.95,True,False,False,False,False,True,False,True,False,False,False,True,False,False,False,False,True,False,False,False,True,0,0,0.0962
0,0,1,0,45,1,0,25.5,1121.05,False,True,False,True,True,False,True,False,True,False,True,False,True,False,True,False,False,True,False,False,True,0,0,0.0097
1,0,1,1,31,1,0,59.7,1825.5,False,True,False,False,False,False,False,False,False,False,False,False,False,False,False,True,False,False,False,False,False,0,0,0.1899
0,0,1,1,61,1,1,24.1,1551.6,False,True,False,True,True,False,True,False,True,False,True,False,True,False,True,False,False,True,False,False,True,0,0,0.0047
0,1,0,0,31,1,1,73.55,2094.65,False,False,True,False,False,True,False,False,False,False,False,False,False,False,False,False,False,False,True,False,False,0,0,0.293
0,0,1,0,57,1,0,19.9,1115.6,False,False,False,True,True,False,True,False,True,False,True,False,True,False,True,False,False,True,False,False,False,0,0,0.0041
0,0,1,1,28,1,1,90.45,2509.25,False,True,True,False,False,False,False,False,False,False,False,True,False,False,False,True,True,False,False,True,False,0,0,0.2854
1,0,0,0,37,1,0,65.6,2313.8,False,False,False,False,False,True,False,True,False,True,False,True,False,False,False,False,False,True,False,False,False,0,0,0.0132
0,0,1,0,46,1,1,103.15,4594.65,False,True,True,False,False,False,False,True,False,False,False,True,False,True,False,True,True,False,False,True,False,0,0,0.2752
0,0,0,0,19,1,0,19.9,367.55,False,False,False,True,True,False,True,False,True,False,True,False,True,False,True,False,False,False,False,False,True,0,0,0.0947
0,0,0,0,63,1,1,20.6,1298.7,False,False,False,True,True,False,True,False,True,False,True,False,True,False,True,False,False,True,False,False,True,0,0,0.0036
1,0,0,1,69,1,1,79.45,5502.55,False,True,False,False,False,True,False,True,False,True,False,True,False,True,False,False,False,True,True,False,False,0,0,0.0079
0,0,1,1,19,1,1,89.35,1686.85,False,True,True,False,False,False,False,False,False,False,False,True,False,False,False,True,True,False,False,False,False,0,0,0.2936
0,0,1,0,31,1,1,83.85,2674.15,False,False,True,False,False,False,False,True,False,False,False,False,False,False,False,True,False,False,False,False,False,0,0,0.4484
0,1,0,0,18,1,0,20.35,369.6,False,False,False,True,True,False,True,False,True,False,True,False,True,False,True,False,True,False,False,False,False,0,0,0.0658
0,0,0,0,44,1,1,50.15,2139.1,False,True,False,False,False,False,False,False,False,False,False,False,False,False,False,False,False,False,False,False,True,0,0,0.1226
1,1,1,0,1,1,1,70.3,70.3,False,False,True,False,False,False,False,False,False,False,False,False,False,False,False,False,False,False,False,True,False,1,1,0.7498
1,0,0,0,1,1,1,89.9,89.9,False,False,True,False,False,False,False,False,False,False,False,False,False,True,False,True,False,False,False,True,False,1,1,0.7819
0,0,0,0,11,0,1,35.8,363.15,True,False,False,False,False,False,False,False,False,False,False,False,False,True,False,False,False,False,False,False,True,0,1,0.5111
0,0,0,0,22,1,0,20.85,450.65,False,False,False,True,True,False,True,False,True,False,True,False,True,False,True,False,True,False,False,False,False,0,0,0.0418
1,0,1,0,23,1,0,84.25,1968.1,False,True,True,False,False,False,False,True,False,True,False,False,False,False,False,False,False,False,False,True,False,0,0,0.4874
0,0,0,0,37,1,0,80.05,3019.1,False,False,True,False,False,False,False,True,False,True,False,False,False,False,False,False,True,False,False,True,False,0,0,0.1709
1,0,1,0,46,0,0,40.4,1842.7,True,False,False,False,False,True,False,False,False,True,False,True,False,False,False,False,False,True,True,False,False,0,0,0.013
0,0,0,0,20,1,1,19.35,433.75,False,False,False,True,True,False,True,False,True,False,True,False,True,False,True,False,True,False,True,False,False,0,0,0.0544
0,0,0,0,1,1,1,50.8,50.8,False,False,False,False,False,False,False,False,False,False,False,True,False,False,False,False,False,False,False,True,False,1,0,0.4003
0,0,1,1,58,1,0,75.8,4415.75,False,True,False,False,False,True,False,False,False,True,False,True,False,True,False,False,False,True,False,False,True,0,0,0.0105
0,0,1,1,71,1,1,95.15,6770.85,False,True,True,False,False,True,False,True,False,True,False,True,False,False,False,False,True,False,True,False,False,0,0,0.033
0,0,0,0,29,1,1,71.0,2080.1,False,True,False,False,False,False,False,False,False,False,False,False,False,True,False,True,True,False,True,False,False,0,0,0.1837
0,0,1,0,64,1,1,81.3,5129.3,False,True,False,False,False,True,False,True,False,True,False,True,False,False,False,True,False,True,False,False,True,0,0,0.0134
1,1,0,0,1,1,1,73.65,73.65,False,True,True,False,False,False,False,False,False,False,False,False,False,False,False,False,False,False,False,True,False,1,1,0.7865
1,0,0,0,1,1,0,20.05,20.05,False,False,False,True,True,False,True,False,True,False,True,False,True,False,True,False,False,False,False,False,False,1,0,0.2189
1,0,1,1,70,0,0,60.35,4138.7,True,False,False,False,False,False,False,True,False,True,False,True,False,True,False,True,True,False,False,True,False,0,0,0.0293
1,0,0,0,13,1,1,19.95,257.0,False,False,False,True,True,False,True,False,True,False,True,False,True,False,True,False,True,False,False,False,True,0,0,0.0783
1,0,0,0,57,0,1,39.3,2111.45,True,False,False,False,False,False,False,True,False,False,False,False,False,True,False,False,False,False,False,True,False,1,0,0.1271
0,1,0,0,57,1,0,101.3,5779.6,False,True,True,False,False,True,False,False,False,True,False,True,False,False,False,True,False,True,True,False,False,0,0,0.0513
0,0,1,1,6,1,0,20.1,100.35,False,False,False,True,True,False,True,False,True,False,True,False,True,False,True,False,False,True,False,False,True,0,0,0.0442
1,1,1,0,63,0,0,36.1,2298.9,True,False,False,False,False,True,False,False,False,False,False,True,False,False,False,False,True,False,False,False,False,0,0,0.0143
0,0,0,0,8,1,0,19.2,156.85,False,False,False,True,True,False,True,False,True,False,True,False,True,False,True,False,False,False,False,False,True,0,0,0.1599
1,0,1,1,23,1,1,48.35,1067.15,False,True,False,False,False,False,False,False,False,False,False,False,False,False,False,False,True,False,True,False,False,1,0,0.1124
0,0,0,0,40,1,1,50.25,2023.55,False,False,False,False,False,False,False,False,False,True,False,False,False,False,False,False,True,False,False,False,True,0,0,0.0583
0,0,1,1,59,1,0,25.45,1534.05,False,True,False,True,True,False,True,False,True,False,True,False,True,False,True,False,False,True,False,False,True,0,0,0.0039
0,0,0,0,18,1,0,20.1,407.05,False,False,False,True,True,False,True,False,True,False,True,False,True,False,True,False,True,False,False,False,True,0,0,0.0493
1,0,0,0,17,1,1,90.95,1612.2,False,False,True,False,False,False,False,True,False,True,False,False,False,False,False,True,False,False,True,False,False,0,1,0.5015
1,1,0,0,46,1,0,85.0,3969.4,False,False,True,False,False,True,False,False,False,False,False,False,False,False,False,True,False,False,False,True,False,1,0,0.2936
0,0,1,1,16,1,0,20.4,321.4,False,False,False,True,True,False,True,False,True,False,True,False,True,False,True,False,False,False,False,True,False,0,0,0.125
1,0,0,0,22,1,0,83.05,1799.3,False,True,True,False,False,False,False,False,False,False,False,False,False,False,False,True,False,False,False,True,False,0,1,0.5798
0,0,1,0,62,1,0,81.0,4985.9,False,False,False,False,False,True,False,False,False,True,False,True,False,True,False,True,False,True,False,False,True,0,0,0.0126
1,0,1,0,56,0,1,54.05,2959.8,True,False,False,False,False,False,False,False,False,True,False,True,False,True,False,True,True,False,False,False,False,0,0,0.0657
0,1,1,0,5,1,1,81.0,371.65,False,True,True,False,False,False,False,True,False,False,False,False,False,False,False,False,False,False,False,True,False,1,1,0.7442
0,0,1,0,72,1,1,86.4,6058.95,False,True,False,False,False,True,False,True,False,False,False,True,False,True,False,True,False,True,False,False,False,0,0,0.0151
0,0,0,0,9,1,0,45.15,416.45,False,False,False,False,False,False,False,False,False,False,False,False,False,False,False,False,False,False,False,True,False,1,0,0.3538
1,0,1,0,66,1,0,115.8,7942.15,False,True,True,False,False,True,False,True,False,True,False,True,False,True,False,True,True,False,False,False,False,0,0,0.0988
1,0,1,0,28,1,0,96.6,2684.35,False,True,True,False,False,False,False,True,False,True,False,False,False,True,False,False,False,False,True,False,False,0,0,0.4138
0,0,1,1,56,1,0,88.9,4968.0,False,False,True,False,False,False,False,False,False,False,False,False,False,True,False,True,True,False,False,False,False,0,0,0.1315
1,0,0,0,1,1,1,45.85,45.85,False,False,False,False,False,False,False,False,False,False,False,False,False,False,False,False,False,False,False,False,True,1,0,0.4149
1,1,0,0,24,1,1,102.95,2496.7,False,True,True,False,False,False,False,True,False,True,False,False,False,True,False,True,False,False,True,False,False,1,1,0.6536
0,0,0,0,51,1,0,20.65,1020.75,False,False,False,True,True,False,True,False,True,False,True,False,True,False,True,False,False,True,False,False,False,0,0,0.0054
1,0,1,1,4,1,0,61.45,229.55,False,False,False,False,False,False,False,False,False,False,False,True,False,False,False,True,False,False,True,False,False,1,0,0.2372
1,0,1,1,23,1,0,59.7,1414.2,False,True,False,False,False,False,False,True,False,False,False,True,False,False,False,False,False,True,False,False,True,0,0,0.0359
0,0,1,1,30,1,0,86.45,2538.05,False,False,True,False,False,False,False,False,False,True,False,False,False,False,False,True,True,False,False,True,False,0,0,0.242
1,0,1,0,61,1,1,20.55,1252.0,False,False,False,True,True,False,True,False,True,False,True,False,True,False,True,False,True,False,True,False,False,0,0,0.0065
0,0,0,0,31,1,0,20.9,689.35,False,False,False,True,True,False,True,False,True,False,True,False,True,False,True,False,False,True,True,False,False,0,0,0.0135
1,0,0,0,1,1,1,69.6,69.6,False,False,True,False,False,False,False,False,False,False,False,False,False,False,False,False,False,False,False,True,False,1,1,0.6907
0,0,1,1,4,1,0,20.35,76.35,False,False,False,True,True,False,True,False,True,False,True,False,True,False,True,False,False,False,False,False,True,1,0,0.1625
1,0,0,0,14,1,0,76.45,1117.55,False,False,True,False,False,False,False,False,False,True,False,False,False,False,False,False,False,False,False,True,False,0,1,0.5064
0,0,1,0,50,1,1,104.4,5232.9,False,True,True,False,False,True,False,False,False,True,False,False,False,True,False,True,True,False,False,False,True,0,0,0.2167
1,0,0,0,6,1,1,69.1,435.0,False,False,True,False,False,False,False,False,False,False,False,False,False,False,False,False,False,False,False,True,False,0,1,0.6528
0,0,0,1,15,1,1,85.9,1269.55,False,False,True,False,False,False,False,True,False,False,False,False,False,False,False,True,False,False,False,False,False,1,0,0.4984
0,0,1,0,54,1,1,70.15,3715.65,False,True,False,False,False,False,False,False,False,False,False,False,False,True,False,True,True,False,True,False,False,1,0,0.0836
1,1,0,0,52,1,1,110.75,5832.0,False,True,True,False,False,False,False,True,False,True,False,True,False,True,False,True,False,False,False,True,False,0,0,0.4824
0,0,0,0,30,1,1,100.2,2983.8,False,True,True,False,False,False,False,True,False,False,False,False,False,True,False,True,False,False,False,True,False,1,1,0.6406
1,0,1,1,3,1,1,50.15,168.15,False,False,False,False,False,False,False,False,False,True,False,False,False,False,False,False,False,False,False,True,False,1,0,0.4327
1,0,1,1,31,1,0,54.35,1647.0,False,False,False,False,False,False,False,False,False,True,False,True,False,False,False,False,False,False,False,False,True,0,0,0.0778
1,1,1,0,58,0,1,45.3,2651.2,True,False,False,False,False,False,False,True,False,True,False,False,False,False,False,True,False,False,False,True,False,1,0,0.1773
0,0,1,1,72,0,1,60.0,4264.0,True,False,False,False,False,False,False,True,False,True,False,True,False,True,False,True,False,True,False,True,False,0,0,0.0213
1,0,0,0,15,1,0,51.55,765.5,False,True,False,False,False,False,False,False,False,False,False,False,False,False,False,False,False,False,False,True,False,1,0,0.3343
0,0,0,0,14,1,0,55.7,795.15,False,False,False,False,False,True,False,False,False,False,False,True,False,False,False,False,True,False,False,False,True,0,0,0.0596
0,1,0,0,1,1,1,74.45,74.45,False,True,True,False,False,False,False,False,False,False,False,False,False,False,False,False,False,False,False,False,True,1,1,0.7295
1,0,1,1,60,1,0,23.95,1506.4,False,True,False,True,True,False,True,False,True,False,True,False,True,False,True,False,True,False,True,False,False,0,0,0.0059
1,0,1,1,21,1,0,19.8,350.1,False,False,False,True,True,False,True,False,True,False,True,False,True,False,True,False,True,False,False,False,True,0,0,0.034
1,1,1,0,33,1,1,100.6,3270.25,False,True,True,False,False,False,False,True,False,False,False,False,False,True,False,True,False,False,False,False,False,0,1,0.6217
1,0,1,0,65,1,0,89.75,5769.6,False,True,True,False,False,True,False,True,False,True,False,False,False,False,False,False,True,False,False,True,False,1,0,0.0699
1,1,1,0,67,1,1,60.95,4119.4,False,False,False,False,False,True,False,True,False,False,False,True,False,False,False,False,True,False,False,False,False,0,0,0.0124
0,1,0,0,9,1,1,84.45,762.5,False,True,True,False,False,False,False,False,False,False,False,False,False,False,False,True,False,False,False,True,False,1,1,0.7866
1,1,1,1,28,1,1,51.0,1381.8,False,True,False,False,False,False,False,False,False,False,False,False,False,False,False,False,True,False,False,True,False,0,0,0.1598
0,0,1,1,32,1,1,98.85,3089.6,False,True,True,False,False,False,False,True,False,False,False,False,False,True,False,True,False,False,False,True,False,0,1,0.5874
1,0,1,1,68,1,1,103.25,7074.4,False,False,True,False,False,True,False,True,False,True,False,False,False,True,False,True,False,True,True,False,False,0,0,0.0481
0,0,1,0,26,1,1,90.1,2312.55,False,True,False,False,False,True,False,True,False,True,False,True,False,True,False,True,True,False,True,False,False,0,0,0.1008
0,0,1,1,3,1,0,44.3,134.5,False,False,False,False,False,False,False,False,False,False,False,False,False,False,False,False,False,False,False,False,True,1,0,0.3075
1,0,1,1,69,1,1,26.0,1796.55,False,True,False,True,True,False,True,False,True,False,True,False,True,False,True,False,False,True,False,False,False,0,0,0.0032
1,0,1,0,36,1,1,95.0,3440.25,False,True,True,False,False,False,False,False,False,False,False,False,False,True,False,True,False,False,False,False,False,0,1,0.5622
1,0,0,0,52,1,1,63.25,3342.45,False,False,False,False,False,True,False,True,False,False,False,False,False,True,False,False,False,True,True,False,False,0,0,0.0174
0,1,1,0,34,1,0,64.2,2106.3,False,False,False,False,False,False,False,False,False,True,False,True,False,True,False,False,True,False,False,False,False,0,0,0.0778
0,0,1,0,50,1,0,108.55,5610.7,False,True,True,False,False,True,False,True,False,False,False,True,False,True,False,True,True,False,False,True,False,1,0,0.1648
1,1,1,0,30,1,0,74.85,2181.75,False,True,False,False,False,False,False,False,False,True,False,False,False,True,False,True,False,True,False,True,False,0,0,0.1584
0,0,1,1,69,1,1,25.6,1673.4,False,True,False,True,True,False,True,False,True,False,True,False,True,False,True,False,False,True,False,False,False,0,0,0.0032
0,0,1,0,4,1,1,91.65,365.4,False,True,True,False,False,False,False,True,False,False,False,False,False,True,False,False,False,False,False,True,False,1,1,0.7466
0,0,1,1,67,1,0,84.8,5598.3,False,False,True,False,False,True,False,True,False,True,False,False,False,False,False,False,True,False,False,False,False,0,0,0.0314
0,0,0,0,14,1,1,71.0,914.0,False,False,True,False,False,False,False,False,False,False,False,False,False,False,False,False,False,False,True,False,False,1,0,0.4743
0,0,1,0,53,1,0,20.8,1021.8,False,False,False,True,True,False,True,False,True,False,True,False,True,False,True,False,True,False,False,False,False,1,0,0.0087
1,1,1,0,72,1,1,109.75,7932.5,False,True,True,False,False,False,False,True,False,True,False,True,False,True,False,True,False,True,False,False,False,0,0,0.1068
1,0,0,0,46,1,0,19.95,907.05,False,False,False,True,True,False,True,False,True,False,True,False,True,False,True,False,False,True,False,True,False,0,0,0.0089
0,0,1,1,71,1,0,19.85,1326.35,False,False,False,True,True,False,True,False,True,False,True,False,True,False,True,False,False,True,False,False,False,0,0,0.0016
1,0,0,0,22,1,1,78.85,1600.25,False,True,True,False,False,False,False,True,False,False,False,False,False,False,False,False,False,False,False,False,True,0,0,0.4554
0,0,1,0,17,1,0,78.9,1348.95,False,True,True,False,False,True,False,False,False,False,False,False,False,False,False,False,False,False,False,True,False,0,0,0.462
1,1,0,0,32,1,1,96.15,3019.25,False,True,True,False,False,False,False,False,False,False,False,False,False,True,False,True,False,False,True,False,False,1,1,0.5989
0,0,0,0,9,1,0,69.05,651.5,False,False,True,False,False,False,False,False,False,False,False,False,False,False,False,False,False,False,False,True,False,0,1,0.5694
0,0,0,0,23,1,0,24.8,615.35,False,True,False,True,True,False,True,False,True,False,True,False,True,False,True,False,True,False,True,False,False,0,0,0.0457
1,0,1,0,47,1,0,73.6,3522.65,False,False,False,False,False,False,False,True,False,True,False,False,False,True,False,True,False,True,False,True,False,0,0,0.0553
0,0,1,1,60,1,1,80.6,4946.7,False,False,False,False,False,False,False,True,False,True,False,True,False,True,False,True,False,True,False,False,False,0,0,0.0218
1,0,1,1,50,0,1,39.45,2021.35,True,False,False,False,False,True,False,False,False,False,False,False,False,True,False,False,False,False,True,False,False,0,0,0.0802
0,1,1,0,66,1,1,105.95,6975.25,False,True,True,False,False,False,False,False,False,True,False,True,False,True,False,True,True,False,True,False,False,1,0,0.1803
1,1,1,0,54,1,1,110.45,6077.75,False,True,True,False,False,False,False,True,False,True,False,True,False,True,False,True,False,True,False,True,False,0,0,0.2001
1,0,1,1,72,1,0,24.1,1734.65,False,True,False,True,True,False,True,False,True,False,True,False,True,False,True,False,False,True,True,False,False,0,0,0.0018
0,0,0,1,1,1,1,79.35,79.35,False,False,True,False,False,False,False,False,False,False,False,False,False,True,False,False,False,False,False,True,False,1,1,0.7011
0,0,0,0,1,1,0,44.15,44.15,False,False,False,False,False,False,False,False,False,False,False,False,False,False,False,False,False,False,False,False,False,0,0,0.381
0,0,1,1,16,1,0,68.25,1114.85,False,False,False,False,False,True,False,True,False,False,False,True,False,False,False,True,False,True,False,False,False,0,0,0.0367
0,0,0,0,34,1,0,65.0,2157.5,False,True,False,False,False,False,False,False,False,False,False,True,False,True,False,False,False,False,False,False,True,0,0,0.1373
0,0,0,0,3,1,0,83.75,247.25,False,False,True,False,False,False,False,True,False,False,False,False,False,True,False,False,False,False,False,True,False,1,1,0.6501
0,0,0,0,12,1,1,78.95,927.35,False,True,True,False,False,True,False,False,False,False,False,False,False,False,False,False,False,False,False,True,False,1,1,0.5586
0,1,1,0,5,1,1,74.35,334.8,False,True,True,False,False,False,False,False,False,False,False,False,False,False,False,False,False,False,False,True,False,1,1,0.7712
1,0,0,0,1,1,0,50.65,50.65,False,False,False,False,False,False,False,True,False,False,False,False,False,False,False,False,False,False,False,False,True,1,0,0.3239
1,1,1,0,59,0,1,50.25,2997.45,True,False,False,False,False,False,False,True,False,False,False,False,False,True,False,True,False,False,False,True,False,0,0,0.2248
1,0,0,0,26,1,1,80.5,2088.8,False,True,True,False,False,False,False,False,False,False,False,True,False,False,False,False,False,False,False,True,False,1,0,0.433
0,0,1,0,1,1,1,20.3,20.3,False,False,False,True,True,False,True,False,True,False,True,False,True,False,True,False,False,False,False,False,False,0,0,0.2846
1,0,1,1,71,1,1,104.65,7288.4,False,False,True,False,False,True,False,True,False,True,False,False,False,True,False,True,True,False,False,False,False,0,0,0.0812
1,0,1,1,63,1,1,19.15,1177.05,False,False,False,True,True,False,True,False,True,False,True,False,True,False,True,False,False,True,False,False,True,0,0,0.0029
0,0,1,1,18,1,0,20.45,357.0,False,False,False,True,True,False,True,False,True,False,True,False,True,False,True,False,False,False,False,False,True,0,0,0.0847
0,0,0,1,14,1,1,86.0,1164.05,False,True,True,False,False,True,False,False,False,False,False,True,False,False,False,False,False,False,False,False,True,0,0,0.3061
0,0,1,1,64,1,1,92.85,5980.75,False,True,True,False,False,False,False,True,False,True,False,False,False,False,False,True,True,False,False,True,False,0,0,0.1621
0,0,1,0,56,1,1,98.0,5270.6,False,True,True,False,False,True,False,False,False,False,False,False,False,True,False,True,True,False,False,True,False,0,0,0.2226
1,0,0,1,26,0,1,39.95,1023.75,True,False,False,False,False,False,False,True,False,False,False,False,False,True,False,False,True,False,False,False,False,0,0,0.1549
1,0,0,0,54,1,1,65.3,3512.9,False,False,False,False,False,True,False,True,False,False,False,False,False,True,False,False,False,True,False,False,False,0,0,0.018
1,0,1,0,3,1,1,55.8,154.55,False,False,False,False,False,False,False,False,False,True,False,True,False,False,False,False,False,False,False,False,True,0,0,0.3061
0,0,0,0,2,0,1,34.7,62.25,True,False,False,False,False,False,False,False,False,False,False,False,False,False,False,True,False,False,False,True,False,1,1,0.7007
0,0,1,0,40,1,1,78.85,3126.85,False,True,True,False,False,False,False,False,False,False,False,True,False,False,False,False,False,False,True,False,False,0,0,0.2571
0,0,1,1,28,1,1,90.1,2598.95,False,False,True,False,False,False,False,False,False,False,False,False,False,True,False,True,True,False,False,False,False,1,0,0.3283
1,0,1,0,22,1,1,104.6,2180.55,False,False,True,False,False,True,False,True,False,False,False,True,False,True,False,True,False,False,False,True,False,0,0,0.4363
1,0,0,0,69,1,0,23.95,1713.1,False,True,False,True,True,False,True,False,True,False,True,False,True,False,True,False,False,True,False,False,False,0,0,0.0029
0,0,1,1,27,1,0,49.85,1336.15,False,False,False,False,False,False,False,True,False,False,False,False,False,False,False,False,False,False,False,False,True,0,0,0.1199
0,0,1,0,71,0,0,66.8,4689.15,True,False,False,False,False,True,False,True,False,True,False,True,False,True,False,True,True,False,False,False,False,0,0,0.0202
0,0,1,1,62,1,1,70.75,4263.45,False,False,False,False,False,True,False,False,False,True,False,True,False,True,False,False,True,False,False,False,False,0,0,0.0156
1,0,0,1,1,1,1,19.3,19.3,False,False,False,True,True,False,True,False,True,False,True,False,True,False,True,False,False,False,False,False,True,0,0,0.2199
1,0,1,1,37,1,0,19.8,726.1,False,False,False,True,True,False,True,False,True,False,True,False,True,False,True,False,False,True,False,False,False,0,0,0.0093
0,0,1,0,49,0,1,56.3,2780.6,True,False,False,False,False,False,False,True,False,False,False,True,False,True,False,True,True,False,True,False,False,0,0,0.072
1,1,1,0,41,0,1,53.95,2215.4,True,False,False,False,False,False,False,True,False,True,False,False,False,True,False,True,False,False,False,True,False,0,0,0.3988
0,0,0,0,63,1,0,108.25,6780.1,False,True,True,False,False,True,False,True,False,True,False,False,False,True,False,True,False,False,True,False,False,0,0,0.2134
0,0,1,1,17,1,0,88.25,1460.65,False,True,True,False,False,False,False,False,False,True,False,False,False,True,False,False,False,False,False,True,False,1,1,0.5826
1,0,0,1,1,1,1,19.45,19.45,False,False,False,True,True,False,True,False,True,False,True,False,True,False,True,False,False,False,False,False,True,1,0,0.2193
1,1,0,0,55,1,1,98.8,5617.75,False,True,True,False,False,True,False,False,False,False,False,False,False,True,False,True,False,False,False,True,False,1,0,0.4613
0,0,1,0,22,1,1,69.25,1554.0,False,False,True,False,False,False,False,False,False,False,False,False,False,False,False,False,False,False,False,True,False,1,1,0.5275
0,0,0,0,15,0,0,45.9,693.45,True,False,False,False,False,True,False,True,False,True,False,True,False,False,False,False,True,False,False,False,True,0,0,0.0849
0,0,0,0,35,1,0,19.25,617.65,False,False,False,True,True,False,True,False,True,False,True,False,True,False,True,False,False,False,False,False,False,0,0,0.0455
1,0,0,0,1,1,1,20.2,20.2,False,False,False,True,True,False,True,False,True,False,True,False,True,False,True,False,False,False,False,False,True,1,0,0.256
1,0,0,0,69,0,1,35.75,2492.25,True,False,False,False,False,False,False,True,False,True,False,False,False,False,False,False,True,False,False,False,False,0,0,0.0213
0,0,1,0,63,1,1,81.55,5029.05,False,True,True,False,False,False,False,True,False,False,False,False,False,False,False,False,False,False,False,False,False,0,0,0.1897
0,0,1,0,58,1,1,94.3,5610.15,False,True,True,False,False,False,False,True,False,True,False,False,False,False,False,True,True,False,False,True,False,0,0,0.2288
1,0,0,0,66,1,0,25.45,1699.15,False,True,False,True,True,False,True,False,True,False,True,False,True,False,True,False,True,False,False,False,False,0,0,0.0058
0,0,1,1,43,1,1,99.3,4209.95,False,True,True,False,False,False,False,False,False,True,False,False,False,True,False,True,False,False,False,False,False,0,0,0.4704
0,0,1,1,26,0,0,38.85,1025.15,True,False,False,False,False,True,False,True,False,False,False,True,False,False,False,False,False,False,True,False,False,0,0,0.0884
1,0,1,1,56,1,1,103.2,5873.75,False,True,True,False,False,False,False,False,False,True,False,True,False,True,False,True,False,True,False,True,False,0,0,0.1333
1,1,0,0,68,1,1,95.9,6503.2,False,True,True,False,False,False,False,True,False,True,False,False,False,False,False,True,False,False,False,True,False,0,0,0.3505
0,0,1,1,18,1,0,55.95,1082.8,False,False,False,False,False,False,False,False,False,False,False,False,False,True,False,False,False,False,False,False,True,0,0,0.2294
0,0,1,0,34,1,0,62.65,2274.9,False,True,False,False,False,True,False,True,False,False,False,True,False,False,False,False,False,False,False,True,False,1,0,0.102
1,1,1,0,38,0,1,24.85,955.75,True,False,False,False,False,False,False,False,False,False,False,False,False,False,False,False,False,False,False,True,False,0,0,0.2752
1,0,1,1,2,1,0,59.5,130.5,False,False,False,False,False,True,False,True,False,False,False,True,False,False,False,False,False,True,False,False,True,0,0,0.0426
1,0,1,1,20,0,1,39.4,825.4,True,False,False,False,False,True,False,False,False,True,False,True,False,False,False,False,False,True,True,False,False,0,0,0.0458
1,0,1,0,64,1,1,70.15,4480.7,False,True,False,False,False,False,False,True,False,False,False,True,False,False,False,True,True,False,False,False,True,0,0,0.0299
1,1,0,1,56,1,0,94.8,5264.3,False,False,True,False,False,True,False,False,False,False,False,False,False,True,False,True,True,False,True,False,False,0,0,0.0973
0,0,0,0,68,1,0,20.5,1424.9,False,False,False,True,True,False,True,False,True,False,True,False,True,False,True,False,False,True,True,False,False,0,0,0.002
1,0,1,0,17,1,1,102.55,1742.5,False,True,True,False,False,False,False,True,False,True,False,False,False,True,False,True,False,False,False,True,False,0,1,0.7344
1,0,1,1,46,1,0,19.95,862.4,False,False,False,True,True,False,True,False,True,False,True,False,True,False,True,False,False,True,True,False,False,0,0,0.005
0,1,0,0,28,1,1,106.15,3152.5,False,True,True,False,False,False,False,True,False,True,False,False,False,True,False,True,False,False,False,True,False,1,1,0.7243
1,0,1,1,2,1,0,56.7,113.55,False,True,False,False,False,True,False,False,False,False,False,False,False,False,False,False,False,False,False,False,True,1,0,0.2556
1,0,0,0,65,1,1,109.15,6941.2,False,True,True,False,False,False,False,True,False,True,False,True,False,True,False,True,False,False,False,True,False,1,0,0.3271
1,0,1,1,17,1,1,89.4,1539.45,False,False,True,False,False,True,False,False,False,True,False,False,False,True,False,False,False,False,False,True,False,1,0,0.4767
1,1,0,0,51,1,1,94.0,4905.75,False,False,True,False,False,False,False,False,False,True,False,False,False,True,False,True,True,False,False,False,False,0,0,0.2757
1,0,0,0,60,1,1,89.9,5450.7,False,True,True,False,False,False,False,True,False,False,False,False,False,True,False,False,False,False,False,False,False,0,0,0.2758
1,0,1,0,16,1,1,73.85,1284.2,False,True,True,False,False,False,False,False,False,False,False,False,False,False,False,False,False,False,False,False,False,1,1,0.5787
1,1,1,0,24,1,1,78.85,1772.25,False,True,True,False,False,True,False,False,False,False,False,False,False,False,False,False,False,False,False,True,False,1,1,0.5167
1,0,0,0,1,1,1,55.7,55.7,False,False,False,False,False,False,False,False,False,False,False,False,False,False,False,True,False,False,False,False,True,1,0,0.4771
0,0,0,0,71,1,0,77.35,5550.1,False,False,False,False,False,True,False,True,False,True,False,True,False,True,False,False,False,True,True,False,False,0,0,0.0053
0,0,1,1,53,1,1,104.05,5566.4,False,True,True,False,False,True,False,True,False,True,False,True,False,False,False,True,False,True,False,False,False,0,0,0.0554
0,0,0,0,18,1,1,60.6,1156.35,False,True,False,False,False,True,False,False,False,True,False,False,False,False,False,False,False,False,False,False,True,0,0,0.2286
0,0,0,1,67,1,1,106.6,7244.7,False,True,True,False,False,False,False,True,False,False,False,True,False,True,False,True,True,False,False,False,False,0,0,0.1198
0,1,0,0,4,1,1,94.3,424.45,False,True,True,False,False,False,False,False,False,False,False,False,False,True,False,True,False,False,False,True,False,1,1,0.8489
1,0,0,0,10,0,0,29.5,255.25,True,False,False,False,False,False,False,False,False,True,False,False,False,False,False,False,False,False,False,False,True,1,0,0.388
1,0,1,1,43,1,0,24.25,1077.95,False,True,False,True,True,False,True,False,True,False,True,False,True,False,True,False,False,True,False,False,True,0,0,0.0086
0,0,1,0,43,1,0,80.45,3398.9,False,True,True,False,False,False,False,True,False,False,False,False,False,False,False,False,False,False,False,True,False,0,0,0.3179
0,0,0,0,60,0,0,53.6,3237.05,True,False,False,False,False,True,False,False,False,True,False,False,False,True,False,True,False,True,False,True,False,0,0,0.0318
1,0,0,0,1,1,1,75.9,75.9,False,False,True,False,False,False,False,False,False,False,False,True,False,False,False,False,False,False,False,True,False,1,1,0.5882
1,0,0,0,7,1,1,90.45,593.45,False,True,True,False,False,False,False,False,False,True,False,False,False,True,False,False,False,False,False,True,False,1,1,0.7351
0,0,0,0,21,1,1,90.05,1862.9,False,False,True,False,False,False,False,True,False,True,False,False,False,False,False,True,False,False,False,True,False,0,1,0.5741
1,1,0,1,1,1,1,50.15,50.15,False,False,False,False,False,False,False,False,False,True,False,False,False,False,False,False,False,False,False,False,True,1,0,0.4237
1,0,0,0,5,1,1,74.65,383.65,False,False,True,False,False,False,False,True,False,False,False,False,False,False,False,False,False,False,False,True,False,0,1,0.6316
0,0,1,1,36,1,1,92.9,3379.25,False,True,False,False,False,True,False,True,False,True,False,True,False,True,False,True,False,True,True,False,False,0,0,0.036
1,1,1,0,53,1,1,60.05,3229.65,False,True,False,False,False,True,False,False,False,False,False,True,False,False,False,False,True,False,False,True,False,1,0,0.0392
0,1,1,0,1,1,1,74.45,74.45,False,True,True,False,False,False,False,False,False,False,False,False,False,False,False,False,False,False,False,True,False,1,1,0.7972
0,0,0,0,53,1,1,94.45,5042.75,False,False,True,False,False,False,False,True,False,True,False,True,False,False,False,True,True,False,True,False,False,0,0,0.1006
0,0,1,0,50,1,0,75.7,3876.2,False,True,False,False,False,False,False,False,False,True,False,False,False,True,False,True,True,False,False,False,False,0,0,0.0932
1,0,1,0,66,1,1,104.05,6890.0,False,True,True,False,False,False,False,True,False,False,False,True,False,True,False,True,True,False,False,True,False,1,0,0.1834
0,0,1,1,54,1,1,59.8,3246.45,False,True,False,False,False,False,False,True,False,True,False,False,False,False,False,False,False,True,False,False,False,0,0,0.0222
0,0,1,1,28,1,1,19.55,543.8,False,False,False,True,True,False,True,False,True,False,True,False,True,False,True,False,False,False,False,False,False,0,0,0.0721
0,0,0,0,4,1,1,45.3,196.95,False,False,False,False,False,False,False,False,False,False,False,False,False,False,False,False,False,False,False,False,True,1,0,0.3938
0,0,0,0,41,1,1,114.5,4527.45,False,True,True,False,False,True,False,True,False,True,False,True,False,True,False,True,False,False,False,False,False,1,0,0.3245
0,0,1,1,30,1,0,66.3,1923.5,False,False,False,False,False,True,False,False,False,False,False,True,False,False,False,True,False,False,False,False,False,0,0,0.0791
0,1,0,0,1,0,1,25.2,25.2,True,False,False,False,False,False,False,False,False,False,False,False,False,False,False,False,False,False,False,True,False,1,1,0.711
1,0,1,0,54,1,0,109.55,6118.95,False,True,True,False,False,True,False,True,False,True,False,False,False,True,False,True,False,False,False,True,False,0,0,0.3579
1,0,1,1,8,1,0,19.6,125.0,False,False,False,True,True,False,True,False,True,False,True,False,True,False,True,False,False,True,True,False,False,0,0,0.0362
1,1,1,0,55,1,1,113.6,6292.7,False,True,True,False,False,False,False,True,False,True,False,True,False,True,False,True,False,True,False,True,False,0,0,0.1908
0,0,0,1,63,1,0,19.5,1215.1,False,False,False,True,True,False,True,False,True,False,True,False,True,False,True,False,False,True,True,False,False,0,0,0.002
1,0,0,0,68,1,0,79.6,5461.45,False,False,True,False,False,False,False,True,False,True,False,False,False,False,False,False,True,False,True,False,False,0,0,0.0439
0,0,1,1,2,1,1,71.65,135.75,False,False,True,False,False,False,False,False,False,False,False,False,False,False,False,False,False,False,False,True,False,0,1,0.6423
1,0,0,0,6,1,0,20.6,116.6,False,False,False,True,True,False,True,False,True,False,True,False,True,False,True,False,True,False,False,False,True,0,0,0.0844
0,0,0,0,13,1,1,75.0,999.45,False,True,True,False,False,False,False,False,False,False,False,False,False,False,False,False,False,False,False,False,True,1,1,0.5741
1,0,0,0,72,1,1,75.1,5336.35,False,False,False,False,False,True,False,True,False,True,False,True,False,True,False,False,False,True,False,False,False,0,0,0.0071
1,0,1,0,17,1,1,96.65,1588.25,False,False,True,False,False,False,False,False,False,True,False,False,False,True,False,True,True,False,False,False,False,0,0,0.4392
1,1,0,0,15,1,1,74.4,1074.3,False,False,True,False,False,False,False,True,False,False,False,False,False,False,False,False,False,False,False,True,False,1,1,0.6048
0,1,0,0,65,1,1,95.45,6223.3,False,True,True,False,False,False,False,True,False,True,False,False,False,True,False,False,False,False,False,False,False,0,0,0.3176
1,0,0,0,58,1,0,20.3,1131.5,False,False,False,True,True,False,True,False,True,False,True,False,True,False,True,False,False,True,True,False,False,0,0,0.0031
1,1,1,1,68,1,1,84.65,5683.6,False,True,True,False,False,False,False,True,False,True,False,False,False,False,False,False,False,False,False,True,False,0,0,0.2216
0,0,1,1,66,1,1,58.2,3810.8,False,False,False,False,False,True,False,True,False,False,False,True,False,False,False,False,False,True,True,False,False,0,0,0.0041
0,1,1,0,70,1,1,90.85,6470.1,False,True,True,False,False,True,False,False,False,False,False,False,False,False,False,True,False,False,False,True,False,0,0,0.2756
0,0,0,0,19,0,1,39.7,710.05,True,False,False,False,False,False,False,True,False,False,False,False,False,False,False,True,False,False,False,True,False,0,0,0.4809
1,0,1,0,17,0,0,54.6,934.8,True,False,False,False,False,False,False,False,False,True,False,True,False,True,False,True,True,False,False,True,False,0,0,0.2685
1,0,0,0,22,1,1,100.75,2095.0,False,True,True,False,False,True,False,False,False,False,False,False,False,True,False,True,False,False,False,True,False,1,1,0.6009
1,1,0,0,48,1,1,99.0,4744.35,False,True,True,False,False,False,False,True,False,False,False,False,False,True,False,True,True,False,False,True,False,0,0,0.3869
1,0,0,0,63,1,0,90.45,5825.5,False,True,True,False,False,False,False,True,False,False,False,False,False,False,False,True,True,False,True,False,False,0,0,0.0994
1,0,1,0,67,1,1,93.15,6368.2,False,True,True,False,False,False,False,True,False,True,False,False,False,False,False,True,False,True,False,True,False,0,0,0.1111
0,1,1,0,67,1,1,107.05,7142.5,False,True,True,False,False,True,False,False,False,True,False,False,False,True,False,True,True,False,True,False,False,0,0,0.1719
0,0,1,0,67,1,1,25.25,1733.15,False,True,False,True,True,False,True,False,True,False,True,False,True,False,True,False,False,True,True,False,False,0,0,0.0039
0,0,0,0,4,1,1,100.85,399.25,False,True,True,False,False,False,False,False,False,False,False,True,False,True,False,True,False,False,False,False,True,0,1,0.6636
1,0,1,0,40,1,0,70.75,2921.75,False,True,False,False,False,False,False,True,False,False,False,True,False,True,False,False,True,False,True,False,False,0,0,0.0511
1,0,0,0,5,1,0,104.1,541.9,False,True,True,False,False,False,False,True,False,True,False,False,False,True,False,True,False,False,False,False,True,1,1,0.6621
1,0,0,0,30,1,1,89.9,2723.15,False,True,True,False,False,False,False,False,False,False,False,True,False,False,False,True,False,False,True,False,False,0,0,0.3885
0,0,0,0,70,1,0,115.55,8127.6,False,True,True,False,False,True,False,True,False,True,False,True,False,True,False,True,True,False,True,False,False,1,0,0.0729
0,0,1,1,72,1,0,24.9,1859.2,False,True,False,True,True,False,True,False,True,False,True,False,True,False,True,False,False,True,False,False,True,0,0,0.002
0,0,0,0,1,1,1,48.6,48.6,False,False,False,False,False,False,False,True,False,False,False,False,False,False,False,False,False,False,False,True,False,0,0,0.4846
1,0,0,0,1,1,1,88.35,88.35,False,False,True,False,False,False,False,False,False,False,False,False,False,True,False,True,False,False,False,True,False,1,1,0.7873
0,1,0,0,59,1,1,79.2,4590.35,False,True,True,False,False,False,False,True,False,False,False,False,False,False,False,False,False,True,True,False,False,0,0,0.0716
0,0,1,1,68,1,1,83.0,5685.8,False,True,True,False,False,False,False,False,False,False,False,False,False,True,False,False,True,False,False,True,False,1,0,0.1363
0,0,1,0,53,1,1,106.1,5769.75,False,False,True,False,False,True,False,True,False,True,False,False,False,True,False,True,True,False,False,False,False,1,0,0.1663
0,1,0,0,8,1,1,74.05,600.15,False,False,True,False,False,False,False,False,False,True,False,False,False,False,False,False,False,False,False,False,False,0,1,0.6396
0,0,0,0,7,1,1,78.5,571.05,False,False,False,False,False,True,False,True,False,False,False,True,False,True,False,True,False,False,False,True,False,0,0,0.3433
0,0,0,0,2,1,0,19.4,61.05,False,False,False,True,True,False,True,False,True,False,True,False,True,False,True,False,False,False,False,False,True,0,0,0.2077
1,0,1,0,47,1,0,19.9,942.95,False,False,False,True,True,False,True,False,True,False,True,False,True,False,True,False,True,False,False,False,False,0,0,0.0119
0,0,1,0,2,1,0,90.35,190.5,False,False,True,False,False,True,False,True,False,False,False,False,False,True,False,False,False,False,False,True,False,0,1,0.557
0,0,1,1,51,1,1,80.75,4116.9,False,True,True,False,False,False,False,False,False,False,False,True,False,False,False,False,False,False,False,True,False,0,0,0.2206
1,0,0,0,18,1,1,68.35,1299.8,False,False,False,False,False,True,False,False,False,True,False,True,False,True,False,False,False,False,False,True,False,0,0,0.2238
1,0,0,0,33,1,0,20.35,689.75,False,False,False,True,True,False,True,False,True,False,True,False,True,False,True,False,False,True,False,False,True,0,0,0.0127
0,0,0,0,60,1,0,25.0,1505.05,False,True,False,True,True,False,True,False,True,False,True,False,True,False,True,False,False,True,False,False,True,0,0,0.0043
0,0,0,0,72,1,1,114.9,8496.7,False,True,True,False,False,True,False,True,False,True,False,True,False,True,False,True,False,True,False,True,False,0,0,0.0818
0,0,0,0,1,1,1,48.45,48.45,False,False,False,False,False,True,False,False,False,False,False,False,False,False,False,False,False,False,False,False,False,0,0,0.3443
1,0,1,1,48,1,0,26.3,1245.05,False,True,False,True,True,False,True,False,True,False,True,False,True,False,True,False,False,True,False,False,False,0,0,0.0069
1,0,1,1,7,0,1,34.5,279.25,True,False,False,False,False,True,False,False,False,False,False,True,False,False,False,False,False,False,False,True,False,1,0,0.3344
1,0,0,0,53,1,0,24.6,1279.0,False,True,False,True,True,False,True,False,True,False,True,False,True,False,True,False,False,True,False,False,True,0,0,0.006
1,1,1,0,46,0,1,59.9,2816.65,True,False,False,False,False,False,False,True,False,True,False,True,False,True,False,True,True,False,False,False,False,1,0,0.12
0,0,0,0,11,1,1,54.6,617.85,False,False,False,False,False,True,False,False,False,False,False,True,False,False,False,False,True,False,False,False,True,0,0,0.0879
1,1,1,0,2,1,1,95.5,181.65,False,False,True,False,False,False,False,False,False,True,False,False,False,True,False,True,False,False,True,False,False,0,1,0.7541
0,0,1,0,58,1,1,110.65,6526.65,False,True,True,False,False,True,False,True,False,True,False,False,False,True,False,True,True,False,True,False,False,0,0,0.1702
0,0,0,0,2,1,0,19.95,38.15,False,False,False,True,True,False,True,False,True,False,True,False,True,False,True,False,False,False,False,False,True,0,0,0.2047
1,0,1,1,70,0,0,59.5,4144.8,True,False,False,False,False,True,False,False,False,True,False,True,False,True,False,True,False,True,False,False,False,0,0,0.0097
0,0,1,1,7,1,0,69.45,477.05,False,False,False,False,False,True,False,True,False,True,False,False,False,True,False,False,True,False,False,True,False,0,0,0.1475
1,0,1,0,72,1,1,114.1,8086.4,False,True,True,False,False,True,False,True,False,True,False,True,False,True,False,True,False,True,True,False,False,0,0,0.0516
1,0,1,0,56,1,0,89.7,4952.95,False,False,True,False,False,False,False,False,False,False,False,False,False,True,False,True,False,False,False,False,True,0,0,0.2654
0,0,1,0,72,1,1,94.25,6849.75,False,True,True,False,False,True,False,True,False,True,False,True,False,False,False,False,False,True,False,False,False,0,0,0.0267
0,0,0,0,42,1,1,78.45,3373.4,False,True,False,False,False,False,False,False,False,True,False,True,False,True,False,True,False,True,True,False,False,0,0,0.0569
0,1,0,0,43,1,1,108.15,4600.7,False,False,True,False,False,True,False,True,False,False,False,True,False,True,False,True,False,False,True,False,False,1,0,0.2715
1,0,0,0,18,1,0,20.05,358.5,False,False,False,True,True,False,True,False,True,False,True,False,True,False,True,False,False,False,False,False,True,0,0,0.0966
1,0,0,0,30,1,1,84.3,2438.6,False,False,True,False,False,True,False,True,False,True,False,False,False,False,False,False,False,False,True,False,False,0,0,0.2375
1,0,1,1,25,1,1,55.1,1466.1,False,True,False,False,False,False,False,False,False,False,False,True,False,False,False,False,True,False,False,False,True,0,0,0.0798
1,0,0,0,9,1,1,95.9,827.45,False,False,True,False,False,False,False,False,False,False,False,True,False,True,False,True,False,False,False,False,False,0,1,0.5814
1,0,0,1,71,1,0,106.7,7382.25,False,True,True,False,False,True,False,False,False,True,False,False,False,True,False,True,False,True,False,False,False,0,0,0.0484
1,0,1,1,71,1,1,66.85,4748.7,False,True,False,False,False,True,False,True,False,False,False,True,False,False,False,False,True,False,True,False,False,0,0,0.0079
0,0,1,0,71,1,1,84.8,6046.1,False,False,False,False,False,True,False,True,False,True,False,True,False,True,False,True,True,False,False,False,False,0,0,0.0226
0,0,1,1,58,1,1,66.8,3970.4,False,True,False,False,False,False,False,True,False,False,False,False,False,True,False,False,False,False,False,False,False,0,0,0.0941
0,0,0,1,61,1,1,25.0,1498.35,False,True,False,True,True,False,True,False,True,False,True,False,True,False,True,False,False,True,True,False,False,0,0,0.004
0,0,0,0,22,1,1,84.15,1821.95,False,True,True,False,False,False,False,False,False,False,False,False,False,True,False,False,False,False,False,False,False,0,1,0.5822
1,0,1,1,20,1,1,49.6,939.8,False,False,False,False,False,False,False,False,False,True,False,False,False,False,False,False,False,False,False,True,False,0,0,0.2642
1,0,0,0,26,1,1,20.65,595.5,False,False,False,True,True,False,True,False,True,False,True,False,True,False,True,False,True,False,True,False,False,0,0,0.0385
1,0,1,1,30,1,1,83.55,2570.2,False,True,True,False,False,False,False,True,False,False,False,True,False,False,False,False,False,False,False,False,False,0,0,0.2953
1,0,1,1,2,1,1,89.55,185.55,False,False,True,False,False,False,False,False,False,False,False,False,False,True,False,True,False,False,False,False,False,1,1,0.6954
0,1,1,0,55,1,0,51.65,2838.55,False,True,False,False,False,False,False,False,False,False,False,False,False,False,False,False,False,False,False,False,False,0,0,0.0884
1,0,1,0,69,0,0,60.25,4055.5,True,False,False,False,False,True,False,False,False,True,False,True,False,True,False,True,False,True,False,False,False,0,0,0.0122
0,1,1,0,1,1,1,69.55,69.55,False,False,True,False,False,False,False,False,False,False,False,False,False,False,False,False,False,False,False,True,False,1,1,0.7585
0,0,1,1,52,1,1,25.05,1270.25,False,True,False,True,True,False,True,False,True,False,True,False,True,False,True,False,False,True,False,False,False,0,0,0.0077
0,0,0,0,3,1,1,97.9,315.3,False,False,True,False,False,False,False,True,False,False,False,True,False,True,False,True,False,False,False,True,False,1,1,0.6806
1,0,1,1,43,1,1,19.2,776.25,False,False,False,True,True,False,True,False,True,False,True,False,True,False,True,False,True,False,False,False,True,0,0,0.0144
1,1,1,0,17,1,1,100.45,1622.45,False,True,True,False,False,False,False,False,False,True,False,False,False,True,False,True,False,False,True,False,False,1,1,0.7111
1,0,0,0,26,1,0,59.45,1507.0,False,False,False,False,False,False,False,False,False,False,False,True,False,True,False,False,True,False,True,False,False,0,0,0.0659
0,0,1,0,9,1,0,89.45,853.1,False,False,True,False,False,False,False,False,False,False,False,False,False,True,False,True,False,False,False,True,False,1,1,0.702
0,0,0,0,45,1,1,89.3,4192.15,False,True,True,False,False,False,False,False,False,True,False,False,False,False,False,True,False,False,True,False,False,0,0,0.3913
0,1,0,0,45,1,1,102.15,4735.35,False,True,True,False,False,False,False,False,False,True,False,False,False,True,False,True,True,False,False,False,False,0,0,0.3826
0,0,0,0,33,1,0,59.4,1952.8,False,True,False,False,False,True,False,False,False,False,False,True,False,False,False,False,True,False,False,True,False,0,0,0.0498
0,0,1,0,53,1,1,108.95,5718.2,False,True,True,False,False,False,False,True,False,True,False,True,False,True,False,True,True,False,False,False,False,0,0,0.2084
0,1,1,1,65,1,1,103.9,6767.1,False,True,True,False,False,False,False,False,False,True,False,True,False,True,False,True,True,False,False,False,False,0,0,0.1745
1,0,0,0,43,1,1,100.0,4211.55,False,True,True,False,False,False,False,False,False,False,False,True,False,True,False,True,True,False,False,True,False,1,0,0.2878
0,0,1,0,10,1,1,67.8,653.15,False,False,False,False,False,False,False,False,False,True,False,False,False,True,False,True,False,False,True,False,False,0,0,0.4593
1,0,1,1,52,1,1,20.85,1071.6,False,False,False,True,True,False,True,False,True,False,True,False,True,False,True,False,True,False,True,False,False,0,0,0.0084
1,0,0,0,11,1,0,53.75,608.0,False,True,False,False,False,False,False,False,False,True,False,False,False,False,False,False,False,False,False,True,False,1,0,0.3862
0,1,0,0,27,1,1,85.25,2287.25,False,True,True,False,False,False,False,False,False,False,False,False,False,False,False,True,False,False,False,True,False,1,1,0.667
1,0,0,0,24,1,1,90.35,2238.5,False,False,True,False,False,False,False,False,False,False,False,False,False,True,False,True,False,False,False,True,False,1,1,0.6391
1,0,0,0,1,1,1,79.25,79.25,False,False,True,False,False,False,False,False,False,False,False,False,False,False,False,True,False,False,False,True,False,1,1,0.7426
0,0,0,0,65,1,1,111.05,7107.0,False,True,True,False,False,True,False,True,False,True,False,False,False,True,False,True,False,False,True,False,False,0,0,0.2484
0,0,0,0,1,1,0,75.55,75.55,False,False,True,False,False,False,False,False,False,True,False,False,False,False,False,False,False,False,False,True,False,0,1,0.6277
0,0,1,0,68,1,0,118.6,7990.05,False,True,True,False,False,True,False,True,False,True,False,True,False,True,False,True,False,True,False,False,True,0,0,0.049
1,1,1,0,15,1,1,96.5,1392.25,False,True,True,False,False,True,False,False,False,True,False,False,False,True,False,False,False,False,False,True,False,0,1,0.6531
1,0,0,0,36,1,1,65.4,2498.4,False,False,False,False,False,False,False,True,False,False,False,True,False,False,False,True,True,False,False,False,True,1,0,0.0622
1,0,0,0,4,1,0,44.55,220.75,False,False,False,False,False,False,False,False,False,False,False,False,False,False,False,False,False,False,False,False,True,0,0,0.3288
0,0,0,0,46,1,1,94.15,4408.45,False,True,True,False,False,False,False,True,False,True,False,False,False,False,False,True,True,False,False,True,False,0,0,0.2842
1,0,1,0,18,1,1,49.55,878.35,False,False,False,False,False,False,False,False,False,True,False,False,False,False,False,False,False,False,False,False,True,1,0,0.2625
1,1,1,1,35,1,1,76.05,2747.2,False,False,False,False,False,False,False,True,False,False,False,True,False,True,False,True,False,False,False,True,False,0,0,0.2357
0,0,1,1,47,1,0,19.3,890.5,False,False,False,True,True,False,True,False,True,False,True,False,True,False,True,False,False,True,False,False,False,0,0,0.0057
0,0,1,1,42,1,1,92.15,3875.4,False,False,True,False,False,False,False,False,False,True,False,False,False,True,False,True,False,False,False,True,False,0,0,0.4809
0,0,0,0,1,1,0,19.75,19.75,False,False,False,True,True,False,True,False,True,False,True,False,True,False,True,False,False,False,False,False,True,0,0,0.2142
0,0,0,0,61,1,0,86.45,5175.3,False,True,False,False,False,True,False,False,False,True,False,True,False,True,False,True,False,True,True,False,False,0,0,0.0154
0,0,0,0,72,1,1,73.0,5265.2,False,False,False,False,False,True,False,True,False,True,False,True,False,False,False,True,False,True,True,False,False,0,0,0.0066
0,0,1,0,15,1,0,20.45,330.8,False,False,False,True,True,False,True,False,True,False,True,False,True,False,True,False,False,False,True,False,False,0,0,0.1122
1,0,0,0,4,1,1,74.4,299.7,False,False,False,False,False,False,False,False,False,True,False,True,False,True,False,True,False,False,False,True,False,1,0,0.4867
0,0,0,0,11,1,0,20.0,211.95,False,False,False,True,True,False,True,False,True,False,True,False,True,False,True,False,True,False,False,False,True,0,0,0.0688
0,0,0,0,18,1,1,71.1,1247.75,False,False,True,False,False,False,False,False,False,False,False,False,False,False,False,False,False,False,False,True,False,0,1,0.5407
0,0,1,0,62,1,1,101.35,6164.7,False,True,True,False,False,False,False,False,False,True,False,False,False,True,False,True,False,False,False,True,False,0,0,0.4497
0,0,1,0,2,1,1,70.4,154.8,False,False,True,False,False,False,False,False,False,False,False,False,False,False,False,False,False,False,True,False,False,0,1,0.6068
0,1,1,0,25,1,0,88.4,2191.15,False,False,True,False,False,False,False,True,False,True,False,False,False,False,False,True,False,False,False,False,False,0,0,0.4931
1,0,0,0,15,1,1,99.7,1566.75,False,True,True,False,False,True,False,False,False,False,False,False,False,True,False,True,False,False,False,True,False,0,1,0.6641
1,0,0,0,72,1,1,88.6,6201.95,False,True,False,False,False,False,False,True,False,True,False,True,False,True,False,True,False,True,False,False,False,0,0,0.0212
1,0,0,0,21,1,0,65.35,1424.4,False,False,False,False,False,True,False,False,False,True,False,False,False,True,False,False,False,False,False,False,False,0,0,0.1768
0,0,1,0,69,1,0,24.25,1641.8,False,True,False,True,True,False,True,False,True,False,True,False,True,False,True,False,False,True,False,False,False,0,0,0.003
0,0,1,0,48,1,1,100.05,4834.0,False,False,True,False,False,False,False,False,False,True,False,True,False,True,False,True,False,False,True,False,False,0,0,0.3098
1,0,1,1,32,0,0,50.6,1653.45,True,False,False,False,False,False,False,False,False,True,False,False,False,True,False,True,False,False,True,False,False,0,0,0.247
1,0,1,1,7,1,0,69.7,516.15,False,False,False,False,False,True,False,False,False,False,False,False,False,True,False,True,False,False,True,False,False,0,0,0.2651
0,0,1,0,57,1,0,74.6,4368.95,False,True,False,False,False,False,False,True,False,True,False,True,False,True,False,False,True,False,False,False,False,0,0,0.0354
0,0,0,1,18,1,0,20.15,390.85,False,False,False,True,True,False,True,False,True,False,True,False,True,False,True,False,True,False,False,False,False,1,0,0.0423
1,0,0,0,10,0,0,35.75,389.8,True,False,False,False,False,False,False,True,False,False,False,True,False,False,False,False,False,False,False,True,False,0,0,0.3455
0,0,0,0,2,1,0,80.6,155.8,False,True,True,False,False,False,False,False,False,True,False,False,False,False,False,False,False,False,False,False,True,1,1,0.5942
1,0,0,0,1,1,1,74.3,74.3,False,False,True,False,False,False,False,False,False,False,False,True,False,False,False,False,False,False,False,False,True,0,1,0.5158
0,1,0,0,52,1,0,59.85,3103.25,False,True,False,False,False,True,False,False,False,True,False,False,False,False,False,False,False,True,False,False,False,0,0,0.0201
0,0,0,0,11,1,0,90.15,987.95,False,True,True,False,False,False,False,False,False,False,False,True,False,True,False,False,False,False,False,True,False,1,1,0.5669
0,0,1,0,58,1,1,59.9,3505.1,False,True,False,False,False,False,False,True,False,False,False,True,False,False,False,False,False,True,True,False,False,0,0,0.0138
0,1,1,0,32,1,1,93.2,2931.0,False,True,True,False,False,False,False,False,False,False,False,False,False,True,False,True,False,False,False,True,False,1,1,0.7148
0,0,1,1,3,1,1,69.15,235.0,False,True,False,False,False,False,False,True,False,True,False,False,False,True,False,False,False,False,False,False,False,0,0,0.4664
1,0,1,0,66,1,1,105.0,7133.25,False,True,True,False,False,False,False,True,False,True,False,False,False,True,False,True,False,False,True,False,False,1,0,0.3387
1,0,0,0,12,1,1,96.05,1148.1,False,True,True,False,False,False,False,False,False,False,False,False,False,True,False,True,False,False,False,True,False,1,1,0.7595
1,0,0,0,19,0,1,39.65,733.35,True,False,False,False,False,False,False,False,False,True,False,False,False,True,False,False,False,False,False,True,False,1,0,0.4964
1,0,1,1,69,1,0,95.75,6511.25,False,True,True,False,False,False,False,True,False,True,False,False,False,True,False,False,True,False,True,False,False,0,0,0.0718
1,0,0,0,10,1,0,20.0,198.7,False,False,False,True,True,False,True,False,True,False,True,False,True,False,True,False,False,False,True,False,False,0,0,0.1316
0,1,1,1,32,1,1,100.4,3217.65,False,True,True,False,False,False,False,True,False,False,False,False,False,True,False,True,False,False,False,True,False,0,1,0.6499
1,0,0,0,10,1,1,45.55,402.6,False,False,False,False,False,False,False,False,False,False,False,False,False,False,False,False,False,False,False,True,False,1,0,0.3937
1,0,1,0,64,1,1,76.1,4818.8,False,True,False,False,False,False,False,True,False,True,False,True,False,True,False,False,False,True,False,False,False,0,0,0.0193
1,0,1,1,4,0,0,38.55,156.1,True,False,False,False,False,True,False,False,False,False,False,False,False,True,False,False,False,False,True,False,False,0,0,0.3646
1,0,1,1,36,1,0,19.45,754.5,False,False,False,True,True,False,True,False,True,False,True,False,True,False,True,False,False,True,True,False,False,0,0,0.0087
1,0,1,1,8,1,1,51.05,415.05,False,False,False,False,False,False,False,False,False,True,False,False,False,False,False,False,False,False,False,True,False,1,0,0.3755
1,0,0,0,32,1,0,91.05,2871.5,False,False,True,False,False,False,False,False,False,False,False,False,False,True,False,True,False,False,False,True,False,0,1,0.5014
0,0,1,1,2,0,1,24.4,36.55,True,False,False,False,False,False,False,False,False,False,False,False,False,False,False,False,False,False,False,False,True,1,1,0.5271
0,0,1,1,18,1,1,24.65,471.35,False,True,False,True,True,False,True,False,True,False,True,False,True,False,True,False,False,True,True,False,False,0,0,0.0377
0,0,1,1,52,1,0,20.1,1078.75,False,False,False,True,True,False,True,False,True,False,True,False,True,False,True,False,False,True,False,False,False,0,0,0.0044
0,0,1,0,24,1,0,66.3,1559.45,False,True,False,False,False,True,False,True,False,True,False,False,False,False,False,False,False,False,False,False,True,0,0,0.1409
1,0,0,0,1,1,1,55.25,55.25,False,False,False,False,False,False,False,False,False,False,False,False,False,False,False,True,False,False,False,True,False,0,1,0.5608
1,0,0,0,7,1,1,19.4,168.65,False,False,False,True,True,False,True,False,True,False,True,False,True,False,True,False,False,False,False,False,True,0,0,0.2045
0,1,0,0,8,1,1,100.15,908.55,False,True,True,False,False,False,False,False,False,False,False,True,False,True,False,True,False,False,True,False,False,0,1,0.6897
0,0,1,1,14,1,0,70.2,1046.5,False,False,True,False,False,False,False,False,False,False,False,False,False,False,False,False,False,False,False,True,False,0,0,0.4786
1,0,0,0,13,1,0,19.3,259.65,False,False,False,True,True,False,True,False,True,False,True,False,True,False,True,False,True,False,True,False,False,0,0,0.0573
1,0,1,1,40,1,1,110.1,4469.1,False,True,True,False,False,True,False,True,False,False,False,True,False,True,False,True,False,False,True,False,False,0,0,0.2643
0,0,1,0,63,1,1,81.15,5224.5,False,False,True,False,False,True,False,False,False,True,False,False,False,False,False,False,True,False,True,False,False,0,0,0.0542
1,0,1,0,17,1,1,80.5,1336.9,False,True,True,False,False,False,False,True,False,False,False,False,False,False,False,False,False,False,False,False,False,0,1,0.529
0,0,1,0,19,1,1,86.85,1564.4,False,True,True,False,False,False,False,False,False,False,False,False,False,True,False,False,False,False,False,True,False,0,1,0.6647
0,0,0,0,12,1,1,45.05,523.1,False,False,False,False,False,False,False,False,False,False,False,False,False,False,False,False,False,False,False,True,False,0,0,0.3845
0,0,1,1,43,1,1,24.45,993.15,False,True,False,True,True,False,True,False,True,False,True,False,True,False,True,False,True,False,False,False,False,0,0,0.0209
0,0,0,0,18,1,1,90.0,1527.35,False,True,True,False,False,False,False,True,False,False,False,False,False,True,False,False,False,False,True,False,False,1,1,0.5486
1,0,0,0,35,1,1,25.6,901.25,False,True,False,True,True,False,True,False,True,False,True,False,True,False,True,False,False,False,False,True,False,0,0,0.0944
0,0,1,1,42,1,1,94.2,4186.3,False,True,True,False,False,False,False,False,False,False,False,False,False,True,False,True,False,False,False,True,False,1,1,0.554
0,0,0,0,61,1,0,89.65,5308.7,False,True,False,False,False,True,False,True,False,True,False,True,False,True,False,True,False,True,False,True,False,0,0,0.0218
0,0,0,0,39,1,1,95.55,3692.85,False,False,True,False,False,True,False,False,False,True,False,True,False,True,False,False,True,False,False,True,False,1,0,0.1487
1,0,0,0,21,1,1,82.35,1852.85,False,True,True,False,False,False,False,True,False,False,False,False,False,False,False,False,False,False,False,True,False,1,1,0.5525
1,0,0,1,1,1,0,20.75,20.75,False,False,False,True,True,False,True,False,True,False,True,False,True,False,True,False,False,False,False,False,True,0,0,0.1722
0,0,1,1,58,0,0,59.75,3624.35,True,False,False,False,False,True,False,False,False,True,False,True,False,True,False,True,False,True,False,False,True,0,0,0.016
1,0,0,1,1,1,1,20.25,20.25,False,False,False,True,True,False,True,False,True,False,True,False,True,False,True,False,False,False,False,False,True,0,0,0.2165
1,0,0,0,53,1,0,19.5,1050.5,False,False,False,True,True,False,True,False,True,False,True,False,True,False,True,False,False,True,True,False,False,0,0,0.0042
0,0,0,0,25,1,0,24.75,692.1,False,True,False,True,True,False,True,False,True,False,True,False,True,False,True,False,False,True,True,False,False,1,0,0.0243
0,0,1,0,64,1,0,58.35,3756.45,False,True,False,False,False,False,False,False,False,True,False,True,False,False,False,False,True,False,False,False,False,0,0,0.0183
0,0,0,0,1,1,1,60.15,60.15,False,True,False,False,False,False,False,False,False,False,False,False,False,False,False,True,False,False,False,True,False,1,1,0.6225
1,1,0,0,4,1,0,69.35,261.65,False,False,True,False,False,False,False,False,False,False,False,False,False,False,False,False,False,False,False,True,False,0,1,0.6627
0,0,1,1,5,0,1,30.5,167.2,True,False,False,False,False,False,False,True,False,False,False,False,False,False,False,False,False,False,False,True,False,0,1,0.5378
0,0,1,0,44,1,1,95.1,4060.55,False,True,True,False,False,True,False,True,False,True,False,True,False,False,False,False,False,False,True,False,False,0,0,0.1639
1,0,0,0,31,1,1,103.45,3066.45,False,True,True,False,False,False,False,True,False,True,False,False,False,True,False,True,True,False,False,True,False,1,0,0.4401
0,0,0,0,2,1,1,87.15,183.75,False,False,True,False,False,False,False,True,False,False,False,False,False,True,False,False,False,False,False,False,False,1,1,0.6457
1,0,1,1,71,1,1,116.05,8297.5,False,True,True,False,False,True,False,True,False,True,False,True,False,True,False,True,False,True,False,False,False,0,0,0.0519
0,0,1,1,72,1,0,85.3,6129.2,False,False,False,False,False,True,False,True,False,True,False,True,False,True,False,True,False,True,False,False,False,0,0,0.0077
0,0,1,1,56,1,0,68.75,3815.4,False,True,False,False,False,True,False,True,False,False,False,False,False,False,False,True,True,False,False,False,False,0,0,0.0265
1,0,1,0,24,1,0,20.1,533.9,False,False,False,True,True,False,True,False,True,False,True,False,True,False,True,False,True,False,False,False,True,0,0,0.0371
0,0,0,0,22,1,1,49.8,1049.05,False,False,False,False,False,True,False,False,False,False,False,False,False,False,False,False,False,False,False,True,False,0,0,0.2072
1,0,1,0,33,1,1,72.75,2447.45,False,True,False,False,False,True,False,True,False,True,False,False,False,True,False,False,False,False,False,False,False,0,0,0.1891
1,0,0,0,54,1,0,87.1,4735.2,False,True,False,False,False,True,False,False,False,True,False,True,False,True,False,True,False,True,False,False,False,0,0,0.0221
1,0,1,1,26,1,1,20.05,505.9,False,False,False,True,True,False,True,False,True,False,True,False,True,False,True,False,True,False,False,False,False,0,0,0.037
1,0,0,0,18,1,0,69.5,1199.4,False,True,False,False,False,True,False,False,False,True,False,False,False,True,False,False,False,False,False,False,True,0,0,0.2214
0,1,0,0,1,0,1,36.45,36.45,True,False,False,False,False,False,False,False,False,False,False,False,False,True,False,False,False,False,False,True,False,1,1,0.7512
0,0,0,0,16,1,0,72.65,1194.3,False,True,True,False,False,False,False,False,False,False,False,False,False,False,False,False,False,False,False,True,False,1,1,0.5705
1,0,0,0,1,1,0,49.75,49.75,False,False,False,False,False,True,False,False,False,False,False,False,False,False,False,False,False,False,False,True,False,0,0,0.3285
1,0,0,1,27,1,0,19.7,509.3,False,False,False,True,True,False,True,False,True,False,True,False,True,False,True,False,False,True,True,False,False,0,0,0.0129
0,0,1,0,16,1,1,100.0,1534.75,False,True,True,False,False,False,False,True,False,False,False,False,False,True,False,True,False,False,False,True,False,1,1,0.7336
1,0,0,0,35,1,0,55.25,1924.1,False,True,False,False,False,True,False,False,False,False,False,False,False,False,False,False,False,True,False,False,True,0,0,0.0269
0,0,1,1,36,1,1,97.35,3457.9,False,True,True,False,False,False,False,True,False,True,False,False,False,True,False,False,False,False,False,False,False,1,0,0.4084
1,1,1,0,37,1,1,92.5,3473.4,False,True,True,False,False,False,False,False,False,False,False,False,False,True,False,True,False,False,False,True,False,1,1,0.6843
1,1,1,0,50,1,1,101.9,5265.5,False,True,True,False,False,True,False,True,False,True,False,False,False,True,False,False,True,False,False,False,False,0,0,0.197
1,0,0,1,29,0,1,45.0,1242.45,True,False,False,False,False,True,False,True,False,True,False,True,False,False,False,False,False,False,False,False,True,0,0,0.0979
0,1,0,0,1,1,1,69.25,69.25,False,False,True,False,False,False,False,False,False,False,False,False,False,False,False,False,False,False,False,True,False,1,1,0.7504
0,1,0,0,56,1,0,73.25,4054.2,False,True,False,False,False,True,False,False,False,True,False,True,False,False,False,True,False,True,False,False,False,0,0,0.0185
0,1,0,0,5,1,1,83.15,446.05,False,True,True,False,False,False,False,False,False,False,False,False,False,True,False,False,False,False,True,False,False,1,1,0.7409
0,0,1,1,20,1,0,76.0,1588.75,False,True,False,False,False,True,False,False,False,False,False,False,False,True,False,True,True,False,False,False,False,0,0,0.1345
0,0,1,0,33,1,0,20.05,669.45,False,False,False,True,True,False,True,False,True,False,True,False,True,False,True,False,False,False,False,False,True,0,0,0.0501
1,0,0,0,54,0,0,46.2,2431.95,True,False,False,False,False,True,False,True,False,False,False,False,False,False,False,True,False,True,False,False,False,0,0,0.0182
1,0,1,0,62,1,1,60.15,3753.2,False,False,False,False,False,False,False,True,False,True,False,True,False,False,False,False,False,True,True,False,False,0,0,0.009
1,0,0,0,67,1,1,19.8,1311.3,False,False,False,True,True,False,True,False,True,False,True,False,True,False,True,False,False,True,False,False,True,0,0,0.0028
1,1,1,0,72,0,1,64.45,4641.1,True,False,False,False,False,True,False,True,False,True,False,True,False,True,False,True,False,True,True,False,False,0,0,0.0162
1,0,1,1,69,1,0,24.45,1718.2,False,True,False,True,True,False,True,False,True,False,True,False,True,False,True,False,False,True,False,False,False,0,0,0.0024
0,0,0,1,49,1,0,20.45,1024.65,False,False,False,True,True,False,True,False,True,False,True,False,True,False,True,False,False,True,True,False,False,0,0,0.0042
1,1,0,0,35,1,1,73.0,2471.25,False,False,False,False,False,False,False,False,False,True,False,True,False,True,False,True,True,False,False,True,False,0,0,0.155
0,0,1,1,69,1,1,103.95,7446.9,False,True,True,False,False,False,False,True,False,True,False,False,False,True,False,True,False,False,False,True,False,1,0,0.3746
0,1,0,0,41,1,1,113.2,4689.5,False,True,True,False,False,True,False,True,False,True,False,False,False,True,False,True,False,False,False,True,False,1,1,0.5449
0,0,0,0,58,1,1,71.1,4299.2,False,True,False,False,False,True,False,True,False,True,False,True,False,False,False,False,True,False,True,False,False,0,0,0.0178
1,0,1,1,1,1,1,70.65,70.65,False,False,True,False,False,False,False,False,False,False,False,False,False,False,False,False,False,False,False,False,True,1,1,0.5712
1,0,0,0,12,1,0,20.05,265.45,False,False,False,True,True,False,True,False,True,False,True,False,True,False,True,False,False,False,True,False,False,0,0,0.1208
1,0,0,1,66,1,0,20.55,1357.1,False,False,False,True,True,False,True,False,True,False,True,False,True,False,True,False,False,True,False,False,True,0,0,0.0018
0,1,0,0,7,1,1,51.3,419.35,False,False,False,False,False,False,False,True,False,False,False,False,False,False,False,False,False,False,False,False,True,0,0,0.3951
0,1,1,0,54,1,1,115.6,6431.05,False,True,True,False,False,True,False,True,False,True,False,True,False,True,False,True,True,False,False,False,False,0,0,0.1979
1,0,1,1,72,1,0,19.95,1322.85,False,False,False,True,True,False,True,False,True,False,True,False,True,False,True,False,False,True,False,False,False,0,0,0.0014
1,0,1,0,42,1,1,106.15,4512.7,False,True,True,False,False,False,False,False,False,True,False,True,False,True,False,True,False,False,False,False,False,1,0,0.4403
0,0,1,0,2,1,1,74.4,139.4,False,False,True,False,False,True,False,False,False,False,False,False,False,False,False,False,False,False,False,True,False,1,1,0.5994
1,0,0,0,10,1,0,46.0,492.1,False,False,False,False,False,False,False,False,False,False,False,False,False,False,False,False,False,False,False,False,True,0,0,0.2662
0,0,1,0,58,1,1,109.45,6144.55,False,True,True,False,False,True,False,True,False,True,False,False,False,True,False,True,False,True,False,False,False,1,0,0.1095
0,0,1,1,9,1,0,48.6,422.3,False,False,False,False,False,True,False,False,False,False,False,False,False,False,False,False,True,False,False,False,True,0,0,0.0927
0,0,0,0,32,1,0,84.05,2781.85,False,True,True,False,False,False,False,False,False,False,False,False,False,True,False,False,True,False,False,True,False,1,0,0.3222
0,0,0,0,6,1,1,20.95,109.5,False,False,False,True,True,False,True,False,True,False,True,False,True,False,True,False,False,False,False,False,True,0,0,0.2111
1,1,1,0,50,1,1,105.05,5163.3,False,True,True,False,False,True,False,False,False,True,False,False,False,True,False,True,False,True,True,False,False,0,0,0.151
1,0,1,1,57,1,0,20.75,1123.15,False,False,False,True,True,False,True,False,True,False,True,False,True,False,True,False,False,True,False,False,True,0,0,0.003
0,0,0,0,48,1,0,25.05,1171.5,False,True,False,True,True,False,True,False,True,False,True,False,True,False,True,False,True,False,True,False,False,0,0,0.0128
0,0,0,0,56,1,1,73.85,4092.85,False,False,True,False,False,False,False,True,False,False,False,False,False,False,False,False,False,False,False,True,False,1,0,0.2175
0,0,0,0,67,1,1,102.95,6886.25,False,True,True,False,False,True,False,True,False,True,False,False,False,True,False,False,False,False,True,False,False,1,0,0.171
1,0,0,0,69,0,1,60.05,4176.7,True,False,False,False,False,True,False,True,False,False,False,True,False,True,False,True,False,True,False,False,False,0,0,0.0143
0,0,0,0,23,1,1,79.15,1676.95,False,True,True,False,False,False,False,True,False,False,False,False,False,False,False,False,False,False,False,True,False,1,1,0.5344
1,0,1,1,5,1,0,20.1,85.1,False,False,False,True,True,False,True,False,True,False,True,False,True,False,True,False,True,False,False,False,True,0,0,0.0764
1,1,1,0,25,1,1,89.05,2177.45,False,True,True,False,False,True,False,False,False,False,False,False,False,False,False,True,True,False,False,True,False,1,0,0.4023
1,0,0,0,8,1,0,100.85,819.55,False,True,True,False,False,False,False,True,False,False,False,False,False,True,False,True,False,False,False,True,False,1,1,0.7092
1,0,0,0,1,1,1,74.25,74.25,False,True,True,False,False,False,False,False,False,False,False,False,False,False,False,False,False,False,False,False,True,1,1,0.6695
0,0,0,0,4,1,0,75.35,338.1,False,True,True,False,False,False,False,False,False,False,False,False,False,False,False,False,False,False,False,True,False,1,1,0.6619
0,0,1,1,55,1,1,75.0,4213.9,False,True,False,False,False,True,False,True,False,False,False,True,False,True,False,False,True,False,True,False,False,0,0,0.0229
0,1,1,0,1,1,1,49.55,49.55,False,False,False,False,False,True,False,False,False,False,False,False,False,False,False,False,False,False,False,True,False,1,0,0.4758
0,0,0,0,42,1,1,20.65,958.1,False,False,False,True,True,False,True,False,True,False,True,False,True,False,True,False,True,False,False,False,True,0,0,0.019
1,0,1,0,40,1,1,80.0,3168.75,False,False,True,False,False,False,False,True,False,True,False,False,False,False,False,False,False,False,False,True,False,0,0,0.3438
1,0,1,0,10,1,0,19.6,189.45,False,False,False,True,True,False,True,False,True,False,True,False,True,False,True,False,True,False,False,False,False,0,0,0.0786
1,1,0,0,1,1,1,88.8,88.8,False,True,True,False,False,False,False,False,False,True,False,False,False,True,False,False,False,False,False,True,False,1,1,0.8195
0,0,0,0,15,1,0,84.45,1287.85,False,False,False,False,False,True,False,True,False,True,False,True,False,True,False,True,False,False,False,False,True,0,0,0.1764
0,1,1,0,26,1,0,60.7,1597.4,False,False,False,False,False,False,False,False,False,True,False,False,False,False,False,True,True,False,False,False,True,0,0,0.14
0,0,1,0,70,1,1,109.5,7674.55,False,True,True,False,False,False,False,True,False,True,False,True,False,True,False,True,True,False,False,True,False,1,0,0.1845
0,0,1,1,46,1,1,19.95,927.1,False,False,False,True,True,False,True,False,True,False,True,False,True,False,True,False,False,True,False,False,True,0,0,0.0074
0,0,0,0,12,1,1,49.4,611.65,False,False,False,False,False,False,False,True,False,False,False,False,False,False,False,False,False,False,False,True,False,0,0,0.365
1,0,1,1,13,1,1,74.4,896.75,False,True,True,False,False,False,False,False,False,False,False,False,False,False,False,False,False,False,True,False,False,1,1,0.5014
0,0,0,0,12,1,1,85.15,979.05,False,False,True,False,False,True,False,False,False,False,False,False,False,True,False,False,True,False,True,False,False,0,0,0.2813
0,0,1,1,65,1,1,104.3,6725.3,False,True,True,False,False,True,False,False,False,True,False,False,False,True,False,True,False,True,True,False,False,0,0,0.0717
1,0,0,0,3,1,1,49.15,169.05,False,False,False,False,False,False,False,False,False,True,False,False,False,False,False,False,False,False,False,True,False,1,0,0.4796
0,0,0,0,32,1,0,19.9,601.55,False,False,False,True,True,False,True,False,True,False,True,False,True,False,True,False,False,False,False,False,False,0,0,0.0529
1,1,1,0,44,0,1,30.35,1359.7,True,False,False,False,False,False,False,True,False,False,False,False,False,False,False,False,False,False,False,True,False,1,0,0.2087
1,0,0,0,1,1,1,49.65,49.65,False,False,False,False,False,False,False,False,False,True,False,False,False,False,False,False,False,False,False,False,True,1,0,0.4163
0,0,0,0,24,1,1,84.35,1938.05,False,True,True,False,False,True,False,False,False,False,False,True,False,False,False,False,False,False,False,True,False,0,0,0.3564
1,0,1,1,72,1,1,112.25,8041.65,False,True,True,False,False,False,False,True,False,True,False,True,False,True,False,True,False,True,False,False,False,0,0,0.0679
1,0,1,0,61,0,1,62.15,3778.85,True,False,False,False,False,True,False,False,False,True,False,True,False,True,False,True,False,True,False,False,True,0,0,0.0211
1,0,0,1,1,1,0,19.75,19.75,False,False,False,True,True,False,True,False,True,False,True,False,True,False,True,False,False,False,False,False,True,1,0,0.1752
1,0,1,1,44,0,1,54.3,2317.1,True,False,False,False,False,False,False,False,False,True,False,True,False,True,False,True,True,False,False,True,False,0,0,0.1084
1,0,1,1,62,1,1,24.25,1424.6,False,True,False,True,True,False,True,False,True,False,True,False,True,False,True,False,False,True,False,False,False,0,0,0.0044
0,0,1,1,10,1,1,19.8,196.75,False,False,False,True,True,False,True,False,True,False,True,False,True,False,True,False,False,False,False,False,False,0,0,0.1672
0,0,0,0,58,1,1,106.45,6145.85,False,False,True,False,False,True,False,True,False,True,False,False,False,True,False,True,True,False,False,True,False,1,0,0.1697
0,0,0,0,1,1,0,76.0,76.0,False,True,True,False,False,False,False,False,False,False,False,False,False,False,False,False,False,False,False,True,False,1,1,0.6801
1,0,1,1,71,1,1,114.0,8175.9,False,True,True,False,False,True,False,True,False,True,False,True,False,True,False,True,False,True,False,False,False,0,0,0.0522
1,0,0,0,1,1,0,51.25,51.25,False,False,False,False,False,False,False,False,False,False,False,True,False,False,False,False,False,False,False,False,True,1,0,0.2601
1,0,0,0,20,1,1,68.7,1416.2,False,True,False,False,False,False,False,True,False,False,False,True,False,True,False,False,True,False,False,True,False,0,0,0.1769
0,1,0,0,1,1,0,78.45,78.45,False,False,True,False,False,False,False,False,False,False,False,False,False,True,False,False,False,False,False,True,False,1,1,0.7454
1,0,0,0,9,1,1,44.4,348.15,False,False,False,False,False,False,False,False,False,False,False,False,False,False,False,False,False,False,False,False,True,0,0,0.3336
1,0,1,0,70,1,0,101.0,7085.5,False,False,True,False,False,True,False,True,False,True,False,True,False,False,False,True,False,True,True,False,False,0,0,0.0206
0,0,1,1,53,1,0,60.6,3297.0,False,False,False,False,False,False,False,False,False,True,False,False,False,False,False,True,True,False,True,False,False,0,0,0.0312
1,0,0,1,8,1,0,19.45,159.2,False,False,False,True,True,False,True,False,True,False,True,False,True,False,True,False,False,False,False,False,False,0,0,0.1362
0,0,0,0,6,0,1,63.4,348.8,True,False,False,False,False,True,False,True,False,True,False,True,False,True,False,True,False,True,False,False,True,0,0,0.1529
1,0,0,0,26,1,1,51.55,1295.4,False,True,False,False,False,False,False,False,False,False,False,False,False,False,False,False,True,False,True,False,False,0,0,0.1118
0,0,0,0,47,1,0,75.45,3545.1,False,False,True,False,False,True,False,False,False,False,False,False,False,False,False,False,False,False,True,False,False,0,0,0.1245
0,0,1,1,55,1,1,85.1,4600.95,False,True,True,False,False,True,False,True,False,False,False,False,False,False,False,False,False,False,False,True,False,0,0,0.1844
1,1,0,0,66,1,0,110.9,7432.05,False,True,True,False,False,False,False,True,False,True,False,True,False,True,False,True,True,False,True,False,False,1,0,0.1356
1,0,0,1,31,1,1,79.45,2587.7,False,True,False,False,False,False,False,True,False,False,False,True,False,True,False,True,True,False,False,False,True,1,0,0.1052
1,0,1,0,32,1,1,79.25,2619.15,False,True,True,False,False,False,False,False,False,False,False,True,False,False,False,False,True,False,False,True,False,0,0,0.2397
1,0,1,1,65,1,1,74.8,4820.15,False,False,False,False,False,True,False,False,False,False,False,True,False,True,False,True,False,True,False,False,False,1,0,0.0115
0,1,0,0,1,1,0,45.1,45.1,False,False,False,False,False,False,False,False,False,False,False,False,False,False,False,False,False,False,False,False,True,1,0,0.4226
1,0,0,0,5,1,0,20.25,109.8,False,False,False,True,True,False,True,False,True,False,True,False,True,False,True,False,False,False,False,False,True,0,0,0.1751
1,0,1,1,17,1,1,66.7,1077.05,False,True,False,False,False,False,False,True,False,True,False,True,False,False,False,False,False,False,False,False,True,0,0,0.1823
1,0,0,1,21,1,0,24.7,467.15,False,True,False,True,True,False,True,False,True,False,True,False,True,False,True,False,False,False,False,False,True,0,0,0.0856
1,0,0,0,67,1,0,19.95,1311.75,False,False,False,True,True,False,True,False,True,False,True,False,True,False,True,False,False,True,False,False,False,0,0,0.0023
1,0,0,0,40,1,0,67.45,2731.0,False,False,False,False,False,True,False,False,False,True,False,False,False,False,False,True,False,False,False,True,False,0,0,0.117
0,0,0,1,72,1,1,19.75,1567.0,False,False,False,True,True,False,True,False,True,False,True,False,True,False,True,False,False,True,False,False,True,0,0,0.0019
1,0,0,0,2,1,1,47.8,92.45,False,False,False,False,False,True,False,False,False,False,False,False,False,False,False,False,False,False,False,True,False,1,0,0.3902
1,1,0,0,3,1,1,105.0,294.45,False,True,True,False,False,False,False,True,False,True,False,False,False,True,False,True,False,False,False,True,False,1,1,0.8256
1,0,0,0,17,1,0,56.1,946.95,False,False,False,False,False,True,False,True,False,False,False,False,False,False,False,False,True,False,False,False,True,0,0,0.0671
1,0,0,0,66,1,1,114.3,7383.7,False,True,True,False,False,True,False,True,False,True,False,True,False,True,False,True,True,False,False,False,False,0,0,0.1065
1,0,1,1,61,1,1,98.45,6145.2,False,False,True,False,False,False,False,True,False,False,False,True,False,True,False,True,True,False,False,False,False,0,0,0.1077
1,1,0,0,13,1,1,59.9,788.35,False,False,False,False,False,False,False,True,False,False,False,False,False,True,False,False,False,False,False,True,False,0,0,0.4715
0,0,1,0,37,1,1,19.85,717.5,False,False,False,True,True,False,True,False,True,False,True,False,True,False,True,False,True,False,False,False,False,0,0,0.0269
0,0,0,0,19,1,1,106.6,1934.45,False,False,True,False,False,True,False,False,False,True,False,True,False,True,False,True,False,False,False,True,False,1,0,0.472
0,0,0,1,48,1,0,19.95,936.7,False,False,False,True,True,False,True,False,True,False,True,False,True,False,True,False,True,False,False,False,True,0,0,0.0083
0,0,1,0,1,1,1,55.3,55.3,False,False,False,False,False,False,False,False,False,False,False,False,False,True,False,False,False,False,False,False,True,0,0,0.495
1,1,1,0,7,0,0,29.8,220.45,True,False,False,False,False,True,False,False,False,False,False,False,False,False,False,False,False,False,False,False,False,0,0,0.4134
0,0,0,0,62,1,1,92.05,5755.8,False,True,True,False,False,True,False,True,False,True,False,False,False,False,False,False,True,False,False,True,False,0,0,0.099
1,0,1,1,27,1,0,100.75,2793.55,False,True,True,False,False,True,False,True,False,False,False,True,False,True,False,False,False,False,False,True,False,0,0,0.2882
1,0,1,1,39,1,1,23.8,903.8,False,True,False,True,True,False,True,False,True,False,True,False,True,False,True,False,False,True,False,False,True,0,0,0.0136
1,0,0,0,2,1,0,62.05,118.3,False,True,False,False,False,False,False,False,False,False,False,False,False,False,False,True,False,False,False,False,False,1,0,0.4633
0,0,0,0,2,1,0,20.65,38.7,False,False,False,True,True,False,True,False,True,False,True,False,True,False,True,False,False,False,False,False,True,1,0,0.2023
1,0,1,0,42,1,1,108.3,4586.15,False,True,True,False,False,False,False,False,False,True,False,True,False,True,False,True,True,False,False,True,False,0,0,0.3162
1,0,0,0,22,1,1,79.35,1730.35,False,True,True,False,False,False,False,True,False,False,False,False,False,False,False,False,False,False,False,True,False,1,1,0.5442
1,0,0,0,40,1,1,84.9,3369.05,False,True,True,False,False,False,False,False,False,False,False,False,False,True,False,False,False,False,False,True,False,0,0,0.4899
1,0,1,1,49,1,1,97.95,4917.9,False,True,True,False,False,False,False,False,False,False,False,True,False,True,False,True,True,False,False,True,False,0,0,0.2373
0,0,1,0,11,1,1,44.05,483.7,False,False,False,False,False,False,False,False,False,False,False,False,False,False,False,False,False,False,False,True,False,1,0,0.4127
0,0,0,0,9,1,1,83.3,803.3,False,True,True,False,False,False,False,False,False,False,False,False,False,False,False,True,False,False,False,True,False,1,1,0.747
0,0,1,1,71,1,0,91.05,6293.75,False,True,False,False,False,True,False,True,False,True,False,True,False,True,False,True,False,True,False,False,True,0,0,0.0098
0,0,0,0,60,1,1,104.95,6236.75,False,False,True,False,False,True,False,False,False,True,False,True,False,True,False,True,False,False,False,False,False,0,0,0.1924
0,0,0,0,20,1,1,44.35,927.15,False,False,False,False,False,False,False,False,False,False,False,False,False,False,False,False,False,False,False,True,False,0,0,0.3093
0,0,1,1,72,1,1,115.6,8220.4,False,True,True,False,False,True,False,True,False,True,False,True,False,True,False,True,False,True,False,False,False,0,0,0.0499
1,0,1,0,52,1,1,91.6,4627.8,False,True,True,False,False,True,False,False,False,True,False,True,False,False,False,False,False,True,True,False,False,0,0,0.0393
1,0,1,1,72,1,1,90.6,6441.85,False,True,False,False,False,True,False,True,False,True,False,True,False,True,False,True,False,True,True,False,False,0,0,0.0115
0,0,0,0,18,1,1,19.55,389.25,False,False,False,True,True,False,True,False,True,False,True,False,True,False,True,False,False,False,False,False,True,0,0,0.1289
0,0,1,0,5,1,1,68.95,351.5,False,False,True,False,False,False,False,False,False,False,False,False,False,False,False,False,False,False,False,True,False,0,1,0.679
1,0,1,1,70,1,0,114.75,7842.3,False,True,True,False,False,True,False,True,False,True,False,True,False,True,False,True,False,True,True,False,False,0,0,0.0332
1,0,0,0,50,0,1,35.0,1782.4,True,False,False,False,False,True,False,True,False,False,False,False,False,False,False,False,False,False,False,False,True,0,0,0.067
1,0,0,0,62,1,0,69.4,4237.5,False,True,False,False,False,True,False,True,False,True,False,True,False,False,False,False,False,True,False,False,False,0,0,0.007
1,0,1,0,61,1,1,69.9,4226.7,False,True,False,False,False,True,False,False,False,True,False,False,False,False,False,True,False,True,False,False,True,0,0,0.0207
1,0,0,0,1,1,0,20.0,20.0,False,False,False,True,True,False,True,False,True,False,True,False,True,False,True,False,False,False,False,False,True,1,0,0.2081
0,0,0,0,11,1,0,20.05,237.7,False,False,False,True,True,False,True,False,True,False,True,False,True,False,True,False,True,False,True,False,False,0,0,0.0646
0,0,1,0,37,1,0,72.1,2658.4,False,True,False,False,False,False,False,True,False,False,False,True,False,False,False,True,True,False,False,False,True,0,0,0.0612
1,0,1,0,48,1,0,19.25,855.1,False,False,False,True,True,False,True,False,True,False,True,False,True,False,True,False,False,True,False,False,True,0,0,0.006
1,1,0,0,12,0,1,43.65,526.95,True,False,False,False,False,False,False,False,False,True,False,True,False,False,False,True,False,False,False,True,False,1,1,0.5527
0,0,1,1,70,1,1,69.2,4872.35,False,True,False,False,False,True,False,True,False,False,False,False,False,True,False,False,False,True,True,False,False,0,0,0.0104
1,1,0,0,9,1,0,54.55,494.05,False,True,False,False,False,True,False,False,False,False,False,False,False,False,False,False,False,False,False,True,False,1,0,0.362
0,0,0,0,1,1,0,43.95,43.95,False,False,False,False,False,False,False,False,False,False,False,False,False,False,False,False,False,False,False,False,True,1,0,0.3666
0,0,1,1,1,1,1,80.05,80.05,False,False,True,False,False,False,False,False,False,False,False,False,False,True,False,False,False,False,False,False,True,1,1,0.6368
0,0,0,0,38,1,1,103.65,3988.5,False,True,True,False,False,False,False,False,False,True,False,True,False,True,False,True,False,False,False,True,False,0,1,0.5324
1,0,0,0,10,1,0,75.05,786.3,False,True,True,False,False,False,False,False,False,False,False,False,False,False,False,False,False,False,False,True,False,0,1,0.6059
0,0,1,0,70,1,1,110.5,7752.05,False,True,True,False,False,False,False,True,False,True,False,True,False,True,False,True,False,True,False,True,False,0,0,0.1147
1,0,1,0,29,0,1,45.9,1332.4,True,False,False,False,False,False,False,False,False,False,False,False,False,True,False,True,False,False,False,True,False,0,0,0.4677
1,1,0,0,42,1,1,79.35,3344.1,False,True,True,False,False,False,False,True,False,False,False,False,False,False,False,False,False,False,False,False,False,0,0,0.3755
0,0,0,1,24,1,0,19.75,498.1,False,False,False,True,True,False,True,False,True,False,True,False,True,False,True,False,False,True,False,False,True,0,0,0.017
1,1,0,0,18,1,1,80.55,1411.65,False,True,True,False,False,False,False,True,False,False,False,False,False,False,False,False,False,False,True,False,False,0,1,0.5368
1,0,1,1,72,1,1,104.45,7459.0,False,True,True,False,False,False,False,True,False,True,False,False,False,True,False,True,True,False,True,False,False,0,0,0.1302
1,1,1,0,30,1,1,105.7,3181.8,False,True,True,False,False,True,False,True,False,True,False,True,False,True,False,False,False,False,False,False,False,0,0,0.3795
0,0,1,1,54,1,0,69.95,3871.85,False,False,False,False,False,True,False,False,False,True,False,True,False,False,False,True,False,True,False,False,False,0,0,0.01
1,0,1,0,59,1,0,66.4,3958.2,False,False,False,False,False,True,False,True,False,True,False,False,False,True,False,False,True,False,True,False,False,0,0,0.0198
1,1,1,0,70,1,1,102.95,7101.5,False,True,True,False,False,False,False,True,False,True,False,False,False,True,False,True,False,False,False,True,False,1,0,0.4473
0,0,1,0,71,1,0,87.95,6365.35,False,True,False,False,False,True,False,True,False,True,False,True,False,True,False,True,False,True,False,False,False,0,0,0.0141
0,0,1,1,56,1,1,19.8,1119.9,False,False,False,True,True,False,True,False,True,False,True,False,True,False,True,False,False,True,True,False,False,0,0,0.0041
1,0,0,0,19,1,1,86.0,1532.45,False,True,True,False,False,False,False,False,False,False,False,False,False,False,False,True,False,False,False,False,False,1,1,0.5909
0,1,0,0,59,1,1,89.75,5496.9,False,True,True,False,False,True,False,True,False,True,False,False,False,False,False,False,False,False,False,True,False,0,0,0.2622
1,0,1,1,57,1,0,19.4,1061.6,False,False,False,True,True,False,True,False,True,False,True,False,True,False,True,False,True,False,False,False,True,0,0,0.0053
0,0,1,1,29,1,0,20.2,558.8,False,False,False,True,True,False,True,False,True,False,True,False,True,False,True,False,False,True,False,False,True,0,0,0.0135
0,0,1,0,71,1,1,24.45,1681.6,False,True,False,True,True,False,True,False,True,False,True,False,True,False,True,False,False,True,True,False,False,0,0,0.0031
0,1,0,1,30,1,1,101.3,2974.5,False,True,True,False,False,False,False,False,False,False,False,True,False,True,False,True,False,False,False,True,False,0,1,0.5733
1,0,0,0,29,1,1,58.75,1696.2,False,False,False,False,False,True,False,True,False,False,False,True,False,False,False,False,True,False,False,True,False,0,0,0.0531
1,0,0,0,21,1,0,61.65,1393.6,False,False,False,False,False,False,False,False,False,True,False,False,False,False,False,True,False,False,False,False,True,0,0,0.2362
0,0,1,1,23,1,0,25.1,611.45,False,True,False,True,True,False,True,False,True,False,True,False,True,False,True,False,False,True,False,False,True,0,0,0.0242
1,0,1,1,8,1,1,51.3,411.6,False,False,False,False,False,True,False,False,False,False,False,False,False,False,False,False,False,False,True,False,False,0,0,0.2068
1,0,1,1,1,1,0,18.8,18.8,False,False,False,True,True,False,True,False,True,False,True,False,True,False,True,False,True,False,False,False,True,0,0,0.0954
1,0,1,1,9,1,0,54.8,452.8,False,False,False,False,False,False,False,True,False,False,False,True,False,False,False,False,False,False,False,False,True,0,0,0.1604
1,1,0,0,14,1,1,74.95,1036.75,False,True,True,False,False,False,False,False,False,False,False,False,False,False,False,False,False,False,False,True,False,1,1,0.6912
1,0,0,0,29,0,0,34.3,1004.75,True,False,False,False,False,False,False,True,False,False,False,True,False,False,False,False,False,False,False,True,False,0,0,0.1766
1,0,1,1,72,1,1,110.3,7966.9,False,True,True,False,False,True,False,True,False,True,False,False,False,True,False,True,False,True,False,False,False,0,0,0.0673
1,1,1,0,35,1,1,81.6,2815.25,False,True,True,False,False,False,False,False,False,True,False,False,False,False,False,False,True,False,False,False,False,0,0,0.2846
1,0,0,0,62,1,1,80.4,4981.15,False,False,False,False,False,False,False,True,False,True,False,True,False,True,False,True,False,False,False,False,False,0,0,0.0801
0,1,1,0,60,0,1,49.45,2907.55,True,False,False,False,False,False,False,True,False,False,False,False,False,True,False,True,False,True,True,False,False,0,0,0.0471
0,0,1,1,71,1,0,76.05,5436.45,False,False,True,False,False,False,False,False,False,True,False,False,False,False,False,False,False,True,False,True,False,0,0,0.0303
0,0,1,1,41,1,1,109.1,4454.25,False,True,True,False,False,False,False,True,False,True,False,True,False,True,False,True,True,False,False,False,False,0,0,0.2251
1,0,0,0,1,1,0,19.2,19.2,False,False,False,True,True,False,True,False,True,False,True,False,True,False,True,False,False,False,False,True,False,0,0,0.2702
1,0,0,0,2,1,0,19.75,39.3,False,False,False,True,True,False,True,False,True,False,True,False,True,False,True,False,False,False,False,False,True,0,0,0.2003
0,0,0,0,18,1,1,96.05,1740.7,False,False,True,False,False,True,False,False,False,False,False,False,False,True,False,True,False,False,False,True,False,1,1,0.5843
0,0,0,1,11,0,0,25.2,321.05,True,False,False,False,False,False,False,False,False,False,False,False,False,False,False,False,False,False,False,True,False,0,0,0.4137
0,1,1,0,72,1,0,78.5,5602.25,False,True,True,False,False,True,False,False,False,False,False,False,False,False,False,False,False,True,False,False,False,0,0,0.0319
1,0,1,1,51,1,0,84.2,4299.75,False,True,True,False,False,False,False,True,False,False,False,True,False,False,False,False,True,False,False,False,False,0,0,0.067
0,0,1,1,21,1,1,74.05,1565.7,False,False,True,False,False,False,False,True,False,False,False,False,False,False,False,False,False,False,False,False,False,1,0,0.395
1,0,0,0,1,1,0,20.2,20.2,False,False,False,True,True,False,True,False,True,False,True,False,True,False,True,False,False,False,False,False,True,0,0,0.2074
0,0,0,0,4,1,1,88.95,355.2,False,True,True,False,False,False,False,True,False,False,False,False,False,False,False,True,False,False,False,True,False,1,1,0.7507
0,1,1,0,60,1,1,110.0,6668.35,False,False,True,False,False,True,False,True,False,True,False,True,False,True,False,True,False,True,False,False,False,0,0,0.0796
0,0,0,0,8,1,0,54.25,447.75,False,False,False,False,False,True,False,False,False,False,False,True,False,False,False,False,True,False,False,False,False,0,0,0.082
0,0,1,1,57,1,1,100.6,5611.7,False,True,True,False,False,False,False,True,False,False,False,False,False,True,False,True,False,False,False,True,False,0,0,0.4054
1,0,0,0,14,1,1,24.8,321.7,False,True,False,True,True,False,True,False,True,False,True,False,True,False,True,False,True,False,True,False,False,0,0,0.0866
0,1,0,0,2,1,1,84.05,186.05,False,True,True,False,False,False,False,False,False,False,False,False,False,False,False,True,False,False,False,True,False,0,1,0.8247
1,0,0,0,10,1,1,70.0,740.0,False,False,True,False,False,False,False,False,False,False,False,False,False,False,False,False,False,False,False,True,False,1,1,0.6154
1,0,0,0,1,1,1,20.2,20.2,False,False,False,True,True,False,True,False,True,False,True,False,True,False,True,False,False,False,False,False,False,1,0,0.2687
0,0,1,0,61,1,0,25.3,1554.9,False,True,False,True,True,False,True,False,True,False,True,False,True,False,True,False,False,True,False,False,False,0,0,0.0046
0,1,1,0,70,1,1,75.65,5411.4,False,True,True,False,False,False,False,False,False,False,False,False,False,False,False,False,False,True,True,False,False,0,0,0.0565
0,0,0,0,2,1,0,60.85,111.4,False,False,False,False,False,False,False,False,False,True,False,False,False,False,False,True,False,False,False,True,False,0,0,0.4819
0,1,0,0,1,1,1,89.3,89.3,False,False,True,False,False,False,False,False,False,False,False,False,False,True,False,True,False,False,False,True,False,1,1,0.8291
0,0,1,1,38,1,0,20.3,749.35,False,False,False,True,True,False,True,False,True,False,True,False,True,False,True,False,True,False,False,False,True,0,0,0.0147
1,1,1,0,7,1,1,70.1,467.55,False,False,True,False,False,False,False,False,False,False,False,False,False,False,False,False,False,False,False,False,True,1,1,0.6326
1,1,1,1,60,1,1,93.25,5774.55,False,True,True,False,False,True,False,True,False,False,False,False,False,False,False,True,False,False,False,True,False,0,0,0.2871
0,0,0,0,2,1,0,49.2,103.7,False,False,False,False,False,False,False,True,False,False,False,False,False,False,False,False,False,False,False,False,True,0,0,0.3282
0,0,0,0,2,1,1,90.4,168.2,False,False,True,False,False,False,False,False,False,False,False,False,False,True,False,True,False,False,False,True,False,1,1,0.7796
1,0,1,0,8,1,1,75.0,658.1,False,False,True,False,False,True,False,False,False,False,False,False,False,False,False,False,False,False,False,False,True,0,0,0.4595
1,0,1,1,67,1,1,111.3,7482.1,False,True,True,False,False,True,False,True,False,True,False,False,False,True,False,True,True,False,False,True,False,1,0,0.1567
1,0,0,0,3,0,1,35.45,106.85,True,False,False,False,False,True,False,True,False,False,False,False,False,False,False,False,False,False,False,False,True,1,0,0.4044
1,0,0,0,27,1,1,19.4,460.25,False,False,False,True,True,False,True,False,True,False,True,False,True,False,True,False,False,False,True,False,False,0,0,0.0743
1,0,0,0,3,1,1,64.4,195.65,False,False,False,False,False,True,False,False,False,False,False,True,False,True,False,False,False,False,True,False,False,0,0,0.2494
1,0,1,0,15,1,1,19.45,340.85,False,False,False,True,True,False,True,False,True,False,True,False,True,False,True,False,False,False,True,False,False,0,0,0.1416
1,0,1,1,7,1,1,89.75,608.8,False,False,True,False,False,False,False,True,False,False,False,True,False,True,False,False,False,False,False,True,False,1,1,0.5317
1,0,0,0,1,1,1,20.25,20.25,False,False,False,True,True,False,True,False,True,False,True,False,True,False,True,False,False,False,False,False,True,0,0,0.2558
0,0,1,1,48,1,0,20.65,1057.0,False,False,False,True,True,False,True,False,True,False,True,False,True,False,True,False,False,True,False,False,False,0,0,0.0055
1,0,0,0,70,0,1,40.05,2799.75,True,False,False,False,False,False,False,False,False,False,False,True,False,False,False,True,False,True,False,False,True,0,0,0.0117
1,0,1,1,60,1,1,20.95,1270.55,False,False,False,True,True,False,True,False,True,False,True,False,True,False,True,False,False,True,False,False,False,0,0,0.0037
0,0,0,0,9,1,0,19.05,157.65,False,False,False,True,True,False,True,False,True,False,True,False,True,False,True,False,False,False,False,False,True,0,0,0.1526
0,1,1,0,2,1,0,79.2,172.85,False,True,True,False,False,False,False,False,False,True,False,False,False,False,False,False,False,False,False,True,False,1,1,0.741
0,0,1,1,1,0,0,30.5,30.5,True,False,False,False,False,True,False,False,False,False,False,False,False,False,False,False,False,False,False,False,False,1,0,0.3742
0,0,0,0,1,1,1,70.1,70.1,False,False,True,False,False,False,False,False,False,False,False,False,False,False,False,False,False,False,False,True,False,1,1,0.6952
0,0,1,1,58,1,1,91.55,5511.65,False,False,True,False,False,False,False,True,False,True,False,False,False,True,False,False,False,False,False,True,False,0,0,0.273
0,0,0,1,39,0,0,30.1,1131.3,True,False,False,False,False,False,False,False,False,True,False,False,False,False,False,False,False,False,True,False,False,1,0,0.1025
1,1,1,0,71,1,1,92.0,6585.2,False,True,True,False,False,True,False,True,False,True,False,True,False,False,False,False,True,False,False,True,False,0,0,0.0743
1,0,1,1,22,1,0,20.15,419.9,False,False,False,True,True,False,True,False,True,False,True,False,True,False,True,False,True,False,False,False,True,0,0,0.0325
1,0,0,1,17,1,0,44.6,681.4,False,False,False,False,False,False,False,False,False,False,False,False,False,False,False,False,True,False,False,False,True,0,0,0.0889
0,0,0,0,13,0,0,35.4,450.4,True,False,False,False,False,False,False,False,False,True,False,True,False,False,False,False,False,True,False,False,True,0,0,0.0902
1,0,0,0,1,1,1,69.35,69.35,False,False,True,False,False,False,False,False,False,False,False,False,False,False,False,False,False,False,False,True,False,1,1,0.6918
0,0,1,0,44,1,1,61.5,2722.2,False,False,False,False,False,True,False,True,False,True,False,False,False,False,False,False,True,False,False,False,True,0,0,0.0339
1,0,0,0,1,1,1,79.5,79.5,False,False,True,False,False,False,False,False,False,False,False,False,False,True,False,False,False,False,False,True,False,1,1,0.7381
1,0,1,1,53,1,1,78.75,3942.45,False,True,False,False,False,False,False,False,False,True,False,True,False,True,False,True,True,False,False,False,True,0,0,0.0545
1,0,0,0,3,0,0,25.1,79.8,True,False,False,False,False,False,False,False,False,False,False,False,False,False,False,False,False,False,False,True,False,0,1,0.559
0,0,1,0,24,1,1,79.65,1928.7,False,True,True,False,False,False,False,False,False,True,False,False,False,False,False,False,False,False,False,False,True,0,0,0.4932
0,1,1,0,62,1,1,97.95,5936.55,False,True,True,False,False,False,False,True,False,True,False,False,False,True,False,False,True,False,True,False,False,0,0,0.1696
0,0,0,0,5,1,1,44.05,202.15,False,False,False,False,False,False,False,False,False,False,False,False,False,False,False,False,False,False,True,False,False,0,0,0.3689
0,0,0,0,6,1,1,55.0,340.4,False,False,False,False,False,False,False,False,False,False,False,False,False,False,False,True,False,False,False,True,False,0,1,0.5185
0,0,1,0,49,1,1,20.15,973.35,False,False,False,True,True,False,True,False,True,False,True,False,True,False,True,False,False,True,False,False,False,0,0,0.0083
1,0,0,0,5,1,1,19.25,86.05,False,False,False,True,True,False,True,False,True,False,True,False,True,False,True,False,False,False,False,False,True,0,0,0.2205
1,1,0,0,2,1,1,94.0,181.7,False,True,True,False,False,False,False,False,False,False,False,False,False,True,False,True,False,False,False,True,False,1,1,0.8512
1,0,1,0,71,1,1,116.25,8564.75,False,True,True,False,False,True,False,True,False,True,False,True,False,True,False,True,False,True,False,True,False,0,0,0.0872
0,0,1,0,53,1,0,110.5,5835.5,False,False,True,False,False,True,False,True,False,True,False,True,False,True,False,True,True,False,False,True,False,0,0,0.1179
0,0,1,1,45,1,1,54.15,2319.8,False,False,False,False,False,False,False,True,False,False,False,True,False,False,False,False,True,False,True,False,False,1,0,0.0235
0,0,0,0,27,1,0,19.15,501.35,False,False,False,True,True,False,True,False,True,False,True,False,True,False,True,False,True,False,False,False,True,0,0,0.031
0,0,1,1,36,1,0,51.05,1815.0,False,False,False,False,False,True,False,False,False,False,False,False,False,False,False,False,False,False,True,False,False,0,0,0.0573
1,0,0,1,54,1,1,55.0,3092.65,False,True,False,False,False,False,False,True,False,False,False,False,False,False,False,False,False,False,True,False,False,1,0,0.0624
1,0,1,0,57,1,0,107.95,5969.85,False,True,True,False,False,False,False,False,False,True,False,True,False,True,False,True,False,True,False,True,False,0,0,0.1134
1,0,0,0,1,1,1,50.75,50.75,False,False,False,False,False,False,False,True,False,False,False,False,False,False,False,False,False,False,False,True,False,1,0,0.4657
0,0,1,1,34,1,0,84.75,2839.45,False,False,False,False,False,True,False,True,False,True,False,True,False,True,False,True,False,True,False,False,True,0,0,0.0244
0,0,0,0,56,0,1,44.85,2564.95,True,False,False,False,False,False,False,False,False,False,False,False,False,True,False,True,False,False,True,False,False,0,0,0.1493
0,0,0,0,11,1,1,76.5,837.95,False,True,True,False,False,False,False,False,False,False,False,False,False,False,False,False,False,False,False,True,False,1,1,0.6597
1,0,1,1,7,1,0,20.25,144.35,False,False,False,True,True,False,True,False,True,False,True,False,True,False,True,False,False,False,False,False,True,0,0,0.1388
1,0,1,1,5,1,0,64.4,316.9,False,True,False,False,False,True,False,True,False,False,False,True,False,False,False,False,False,False,True,False,False,0,0,0.1474
1,0,1,1,24,1,0,74.8,1821.2,False,True,False,False,False,True,False,False,False,False,False,False,False,True,False,True,True,False,False,False,True,0,0,0.1093
1,1,1,0,54,1,0,74.0,3919.15,False,True,True,False,False,False,False,False,False,False,False,False,False,False,False,False,False,False,False,False,False,0,0,0.2439
1,0,1,0,72,1,1,89.05,6254.45,False,True,False,False,False,True,False,True,False,True,False,True,False,True,False,True,False,True,False,False,False,0,0,0.016
1,0,1,1,30,1,0,67.6,2000.2,False,True,False,False,False,True,False,True,False,True,False,True,False,False,False,False,False,False,False,True,False,0,0,0.0917
0,1,0,0,15,1,1,96.3,1426.75,False,False,True,False,False,True,False,False,False,True,False,True,False,False,False,True,False,False,False,False,True,1,0,0.4203
0,0,1,1,15,1,0,20.05,284.3,False,False,False,True,True,False,True,False,True,False,True,False,True,False,True,False,False,False,False,False,True,0,0,0.0982
1,1,0,0,57,1,1,104.9,5913.95,False,True,True,False,False,False,False,True,False,False,False,True,False,True,False,True,False,False,False,False,False,0,0,0.3629
1,0,1,1,72,1,0,90.45,6565.85,False,True,True,False,False,False,False,True,False,True,False,True,False,False,False,False,False,True,False,False,False,0,0,0.0223
1,0,1,1,13,1,0,97.0,1334.45,False,False,True,False,False,False,False,False,False,True,False,False,False,True,False,True,False,False,False,True,False,0,1,0.6096
0,0,0,0,60,1,0,20.6,1093.0,False,False,False,True,True,False,True,False,True,False,True,False,True,False,True,False,False,True,False,False,True,0,0,0.003
1,0,0,0,22,1,0,65.05,1427.55,False,True,False,False,False,True,False,True,False,True,False,False,False,False,False,False,False,False,False,False,True,0,0,0.1435
1,0,0,0,34,1,1,105.35,3540.65,False,True,True,False,False,False,False,True,False,False,False,True,False,True,False,True,False,False,False,True,False,0,1,0.5143
0,0,0,0,7,1,1,79.7,586.05,False,False,True,False,False,False,False,False,False,False,False,False,False,True,False,False,False,False,False,True,False,1,1,0.7038
0,0,1,1,20,1,0,20.0,417.65,False,False,False,True,True,False,True,False,True,False,True,False,True,False,True,False,False,False,False,True,False,0,0,0.1049
0,0,1,1,52,1,0,85.8,4433.3,False,False,True,False,False,False,False,True,False,True,False,True,False,False,False,False,False,False,False,False,False,0,0,0.1067
1,0,0,0,24,1,1,99.65,2404.85,False,True,True,False,False,False,False,True,False,False,False,False,False,True,False,True,False,False,False,False,False,0,1,0.616
0,1,0,0,4,1,0,48.75,179.85,False,True,False,False,False,False,False,False,False,False,False,False,False,False,False,False,False,False,False,False,True,0,0,0.4506
1,1,1,0,57,1,1,71.1,4140.1,False,True,False,False,False,False,False,True,False,True,False,False,False,True,False,False,True,False,True,False,False,0,0,0.0676
1,0,1,1,66,1,0,65.85,4097.05,False,False,False,False,False,True,False,True,False,True,False,True,False,False,False,False,False,True,False,False,True,0,0,0.0033
0,0,0,0,11,1,1,64.9,716.1,False,False,False,False,False,False,False,False,False,False,False,False,False,True,False,True,False,False,False,True,False,0,1,0.5311
0,0,1,1,57,1,1,84.5,4845.4,False,True,False,False,False,True,False,False,False,True,False,True,False,True,False,True,False,True,False,True,False,0,0,0.03
0,0,1,1,40,1,1,84.85,3303.05,False,True,True,False,False,False,False,False,False,True,False,True,False,False,False,False,False,False,False,True,False,1,0,0.2963
0,1,0,0,57,0,1,55.0,3094.05,True,False,False,False,False,False,False,True,False,True,False,False,False,True,False,True,False,False,False,True,False,0,0,0.2452
0,0,0,0,2,1,1,95.15,196.9,False,True,True,False,False,False,False,False,False,False,False,False,False,True,False,True,False,False,False,True,False,1,1,0.8173
1,0,1,1,70,1,0,78.35,5445.95,False,True,False,False,False,True,False,True,False,True,False,True,False,False,False,True,True,False,False,False,False,0,0,0.0122
1,1,1,0,7,1,1,89.5,676.7,False,False,True,False,False,False,False,False,False,False,False,False,False,True,False,True,False,False,False,True,False,1,1,0.8054
1,0,0,0,17,1,0,21.1,385.55,False,False,False,True,True,False,True,False,True,False,True,False,True,False,True,False,False,False,True,False,False,0,0,0.0941
0,1,0,1,33,1,1,105.35,3465.05,False,True,True,False,False,False,False,True,False,True,False,False,False,True,False,True,False,False,False,False,False,0,1,0.5756
0,1,0,0,18,1,1,73.55,1359.45,False,False,True,False,False,False,False,True,False,False,False,False,False,False,False,False,False,False,False,True,False,0,1,0.5952
0,0,1,1,63,1,0,63.55,4014.2,False,False,False,False,False,True,False,True,False,True,False,True,False,False,False,False,False,True,False,False,True,0,0,0.0041
0,0,0,0,20,1,1,18.9,347.65,False,False,False,True,True,False,True,False,True,False,True,False,True,False,True,False,False,False,True,False,False,0,0,0.1089
0,0,0,0,70,1,0,84.7,5991.05,False,True,False,False,False,True,False,True,False,True,False,False,False,True,False,True,False,True,False,False,True,0,0,0.0174
0,1,1,0,53,1,1,95.85,5016.25,False,True,True,False,False,False,False,False,False,False,False,False,False,True,False,True,True,False,True,False,False,0,0,0.2878
0,0,1,0,24,1,0,20.15,456.85,False,False,False,True,True,False,True,False,True,False,True,False,True,False,True,False,True,False,False,False,True,0,0,0.0374
0,0,1,1,56,1,1,99.75,5608.4,False,True,True,False,False,False,False,True,False,True,False,True,False,False,False,True,True,False,True,False,False,0,0,0.1045
0,0,1,0,39,1,1,104.7,4134.85,False,False,True,False,False,True,False,False,False,True,False,True,False,True,False,True,True,False,True,False,False,1,0,0.1549
0,1,1,0,17,1,1,92.55,1614.7,False,True,True,False,False,False,False,False,False,False,False,False,False,True,False,True,False,False,False,True,False,0,1,0.8041
1,0,1,0,15,1,1,68.6,1108.6,False,False,True,False,False,False,False,False,False,False,False,False,False,False,False,False,False,False,False,False,False,0,1,0.5267
1,1,1,1,38,1,0,101.15,3741.85,False,True,True,False,False,False,False,True,False,False,False,False,False,True,False,True,False,False,False,True,False,0,1,0.5262
0,0,0,0,13,0,0,49.15,649.4,True,False,False,False,False,False,False,False,False,True,False,False,False,True,False,True,False,False,False,True,False,0,1,0.5812
1,0,1,1,44,1,0,20.6,926.0,False,False,False,True,True,False,True,False,True,False,True,False,True,False,True,False,True,False,False,False,False,0,0,0.0112
1,1,1,0,46,1,1,80.4,3605.2,False,False,True,False,False,False,False,False,False,False,False,False,False,False,False,True,False,False,False,True,False,1,0,0.4438
0,0,1,0,56,1,1,98.7,5669.5,False,False,True,False,False,False,False,False,False,True,False,True,False,True,False,True,False,False,False,True,False,0,0,0.3574
1,1,0,0,2,1,1,44.15,92.65,False,False,False,False,False,False,False,False,False,False,False,False,False,False,False,False,False,False,False,True,False,1,1,0.5579
1,0,0,0,6,1,0,18.95,110.15,False,False,False,True,True,False,True,False,True,False,True,False,True,False,True,False,False,False,False,False,True,0,0,0.1706
0,1,1,1,48,0,0,29.9,1388.75,True,False,False,False,False,False,False,True,False,False,False,False,False,False,False,False,True,False,False,False,False,0,0,0.0456
0,0,1,1,68,1,1,78.45,5333.35,False,True,False,False,False,True,False,True,False,True,False,True,False,False,False,True,True,False,False,True,False,0,0,0.0231
1,0,0,0,31,1,1,80.45,2429.1,False,True,True,False,False,False,False,True,False,False,False,False,False,False,False,False,False,False,False,True,False,0,0,0.4597
1,0,0,0,12,1,1,112.95,1384.75,False,True,True,False,False,False,False,True,False,True,False,True,False,True,False,True,False,False,False,False,True,1,1,0.5722
0,0,0,0,1,1,1,70.1,70.1,False,False,True,False,False,False,False,False,False,False,False,False,False,False,False,False,False,False,False,True,False,1,1,0.6952
0,1,1,0,72,1,0,89.1,6352.4,False,True,False,False,False,True,False,True,False,True,False,True,False,True,False,True,False,True,True,False,False,0,0,0.0146
1,1,0,0,5,1,0,20.05,94.15,False,False,False,True,True,False,True,False,True,False,True,False,True,False,True,False,False,False,False,False,False,0,0,0.2268
0,0,0,0,3,1,1,75.3,244.1,False,False,False,False,False,False,False,True,False,False,False,True,False,True,False,True,False,False,False,True,False,0,0,0.4744
1,0,1,0,63,1,1,102.4,6444.05,False,True,True,False,False,False,False,True,False,True,False,False,False,True,False,True,False,False,False,True,False,0,0,0.4384
0,0,0,0,67,1,1,72.35,4991.5,False,False,False,False,False,True,False,False,False,True,False,True,False,False,False,True,True,False,False,False,False,0,0,0.0169
1,0,1,0,66,1,1,66.1,4428.45,False,True,False,False,False,True,False,True,False,True,False,False,False,False,False,False,False,True,True,False,False,0,0,0.0103
1,0,0,0,23,1,0,20.85,473.9,False,False,False,True,True,False,True,False,True,False,True,False,True,False,True,False,False,False,False,True,False,0,0,0.1011
0,0,1,1,8,1,0,21.05,139.75,False,False,False,True,True,False,True,False,True,False,True,False,True,False,True,False,False,False,True,False,False,0,0,0.1251
0,0,1,0,64,1,0,19.45,1208.6,False,False,False,True,True,False,True,False,True,False,True,False,True,False,True,False,False,True,True,False,False,0,0,0.0025
0,0,1,0,16,0,1,49.95,810.2,True,False,False,False,False,False,False,False,False,False,False,True,False,True,False,True,False,False,False,True,False,1,1,0.5266
0,1,0,0,17,1,1,94.2,1608.15,False,True,True,False,False,False,False,False,False,False,False,False,False,True,False,True,False,False,False,True,False,0,1,0.7901
0,0,0,0,1,1,0,19.65,19.65,False,False,False,True,True,False,True,False,True,False,True,False,True,False,True,False,False,False,False,False,True,1,0,0.2145
1,0,1,0,72,1,1,100.55,7325.1,False,True,True,False,False,True,False,True,False,False,False,True,False,False,False,True,False,True,False,False,False,0,0,0.0376
0,0,0,0,15,1,1,100.15,1415.0,False,True,True,False,False,False,False,True,False,False,False,False,False,True,False,True,False,False,False,True,False,0,1,0.7274
0,0,0,0,60,1,0,80.55,4847.05,False,True,False,False,False,False,False,False,False,True,False,True,False,True,False,True,True,False,True,False,False,0,0,0.0401
0,0,0,0,15,1,1,55.7,899.8,False,True,False,False,False,True,False,False,False,False,False,False,False,False,False,False,False,False,False,False,True,1,0,0.2498
0,0,0,0,1,1,0,95.65,95.65,False,True,True,False,False,False,False,False,False,False,False,False,False,True,False,True,False,False,False,False,True,1,1,0.714
0,0,0,1,8,0,1,38.5,330.8,True,False,False,False,False,True,False,False,False,False,False,False,False,False,False,True,False,False,False,True,False,0,0,0.4845
0,0,1,0,63,1,1,79.7,4786.15,False,True,False,False,False,True,False,True,False,False,False,False,False,True,False,True,True,False,True,False,False,0,0,0.0407
1,0,0,0,1,1,1,44.8,44.8,False,False,False,False,False,False,False,False,False,False,False,False,False,False,False,False,False,False,False,True,False,0,1,0.5011
1,0,0,0,1,1,1,48.55,48.55,False,False,False,False,False,True,False,False,False,False,False,False,False,False,False,False,False,False,False,False,True,1,0,0.3223
0,0,0,1,1,1,0,54.5,54.5,False,False,False,False,False,True,False,False,False,False,False,True,False,False,False,False,False,False,False,True,False,0,0,0.2115
0,1,1,0,56,1,0,95.65,5471.75,False,True,True,False,False,True,False,True,False,True,False,True,False,False,False,False,True,False,False,True,False,0,0,0.0912
1,0,1,0,35,1,0,61.0,2130.45,False,False,False,False,False,True,False,True,False,True,False,False,False,False,False,False,False,False,False,False,True,0,0,0.074
1,0,1,0,22,1,1,87.0,1850.65,False,False,True,False,False,False,False,False,False,True,False,False,False,True,False,False,False,False,False,False,False,0,1,0.5146
1,0,0,0,1,1,1,19.5,19.5,False,False,False,True,True,False,True,False,True,False,True,False,True,False,True,False,False,False,False,False,True,0,0,0.2587
1,0,0,0,50,1,1,93.5,4747.5,False,False,True,False,False,True,False,True,False,False,False,True,False,False,False,True,False,False,True,False,False,0,0,0.145
1,0,1,0,41,1,1,80.25,3439.0,False,True,True,False,False,False,False,True,False,False,False,False,False,False,False,False,False,False,False,True,False,0,0,0.4045
1,0,1,1,39,1,0,100.0,3835.55,False,True,True,False,False,False,False,False,False,True,False,False,False,True,False,True,True,False,False,True,False,0,0,0.3044
1,0,0,0,1,1,1,53.95,53.95,False,False,False,False,False,True,False,False,False,False,False,True,False,False,False,False,False,False,False,True,False,1,0,0.3006
0,0,1,1,8,1,0,56.3,401.5,False,False,False,False,False,False,False,True,False,False,False,True,False,False,False,False,False,False,False,False,False,0,0,0.1756
1,0,0,0,20,1,0,78.8,1641.3,False,False,True,False,False,False,False,False,False,False,False,False,False,True,False,False,False,False,False,True,False,0,1,0.5341
1,1,1,0,51,1,1,93.8,4750.95,False,True,True,False,False,True,False,False,False,True,False,False,False,True,False,False,False,False,False,False,False,1,0,0.3401
1,1,0,0,1,1,0,74.7,74.7,False,False,True,False,False,False,False,False,False,False,False,True,False,False,False,False,False,False,False,True,False,0,1,0.5906
1,1,1,0,72,1,1,84.8,6141.65,False,False,True,False,False,True,False,True,False,False,False,True,False,False,False,False,False,True,True,False,False,0,0,0.0191
1,1,1,0,24,1,1,93.15,2231.05,False,False,True,False,False,False,False,False,False,True,False,False,False,True,False,True,False,False,False,True,False,1,1,0.7117
0,0,0,0,56,1,0,19.7,1051.9,False,False,False,True,True,False,True,False,True,False,True,False,True,False,True,False,False,True,False,False,False,0,0,0.0041
0,0,0,0,53,1,0,99.5,5424.25,False,False,True,False,False,True,False,True,False,True,False,True,False,False,False,True,False,True,False,False,True,0,0,0.0362
1,0,1,1,47,1,0,54.25,2538.2,False,True,False,False,False,False,False,True,False,False,False,False,False,False,False,False,False,False,False,True,False,0,0,0.0933
0,0,1,1,72,1,1,109.2,7711.45,False,True,True,False,False,False,False,True,False,True,False,True,False,True,False,True,False,True,False,False,False,0,0,0.0675
1,0,1,1,11,1,1,74.35,834.2,False,True,True,False,False,False,False,False,False,False,False,False,False,False,False,False,False,False,False,True,False,1,1,0.624
0,1,1,0,60,1,1,116.05,6925.9,False,True,True,False,False,True,False,True,False,True,False,True,False,True,False,True,False,True,False,False,False,0,0,0.1025
1,1,0,0,19,1,1,88.2,1775.8,False,True,True,False,False,False,False,True,False,False,False,False,False,True,False,False,False,False,False,True,False,1,1,0.7065
1,0,0,1,1,1,1,21.05,21.05,False,False,False,True,True,False,True,False,True,False,True,False,True,False,True,False,False,False,False,False,True,0,0,0.2137
0,0,0,0,32,1,1,54.2,1739.6,False,True,False,False,False,False,False,True,False,False,False,False,False,False,False,False,False,False,False,True,False,0,0,0.2385
1,0,1,1,8,1,0,19.65,169.75,False,False,False,True,True,False,True,False,True,False,True,False,True,False,True,False,False,False,True,False,False,0,0,0.1258
1,0,0,0,5,1,0,75.15,392.65,False,False,False,False,False,False,False,False,False,True,False,True,False,True,False,True,False,False,False,False,False,0,0,0.3465
0,0,0,0,36,1,1,19.25,679.8,False,False,False,True,True,False,True,False,True,False,True,False,True,False,True,False,True,False,False,False,False,0,0,0.0271
1,0,0,0,23,1,1,90.6,1943.2,False,True,True,False,False,False,False,False,False,False,False,True,False,True,False,False,False,False,False,True,False,1,1,0.522
1,0,0,0,5,1,1,69.75,324.6,False,False,True,False,False,False,False,False,False,False,False,False,False,False,False,False,False,False,False,True,False,1,1,0.6553
0,0,1,1,38,1,1,20.2,746.05,False,False,False,True,True,False,True,False,True,False,True,False,True,False,True,False,False,True,False,False,True,0,0,0.0111
1,0,0,0,1,1,1,75.3,75.3,False,True,True,False,False,False,False,False,False,False,False,False,False,False,False,False,False,False,False,True,False,1,1,0.7332
1,0,0,0,42,1,0,79.9,3313.4,False,True,True,False,False,False,False,False,False,True,False,False,False,False,False,False,False,False,False,True,False,0,0,0.3324
1,1,0,0,70,0,1,45.25,3264.45,True,False,False,False,False,False,False,False,False,False,False,False,False,True,False,True,True,False,False,True,False,1,0,0.0758
1,0,0,0,2,1,0,19.35,46.35,False,False,False,True,True,False,True,False,True,False,True,False,True,False,True,False,False,False,False,False,True,0,0,0.202
0,1,0,0,1,1,1,69.6,69.6,False,False,True,False,False,False,False,False,False,False,False,False,False,False,False,False,False,False,False,True,False,1,1,0.749
0,0,1,1,2,0,0,29.05,44.75,True,False,False,False,False,False,False,False,False,False,False,True,False,False,False,False,False,False,False,False,False,0,0,0.3749
1,0,0,0,2,1,1,76.5,162.45,False,True,True,False,False,False,False,False,False,False,False,False,False,False,False,False,False,False,False,True,False,1,1,0.7218
0,0,0,0,41,1,0,98.05,3990.6,False,True,True,False,False,False,False,False,False,True,False,False,False,True,False,True,False,False,False,False,False,0,0,0.4632
1,0,0,0,1,1,0,51.25,51.25,False,False,False,False,False,True,False,False,False,False,False,False,False,False,False,False,False,False,False,False,True,0,0,0.2549
1,0,1,1,70,1,1,90.15,6237.05,False,True,False,False,False,True,False,True,False,True,False,True,False,True,False,True,False,True,True,False,False,0,0,0.0123
1,0,1,0,31,1,1,59.05,1882.8,False,True,False,False,False,False,False,False,False,False,False,False,False,True,False,False,False,False,True,False,False,0,0,0.2523
0,0,0,0,18,1,1,69.8,1221.65,False,False,True,False,False,False,False,False,False,False,False,False,False,False,False,False,False,False,False,True,False,0,1,0.5454
0,0,0,0,1,0,0,30.55,30.55,True,False,False,False,False,False,False,False,False,False,False,True,False,False,False,False,False,False,False,False,True,0,0,0.4047
0,0,1,1,14,1,0,18.8,255.55,False,False,False,True,True,False,True,False,True,False,True,False,True,False,True,False,False,True,False,False,True,0,0,0.0301
1,0,1,0,72,1,1,79.35,5753.25,False,False,False,False,False,True,False,True,False,False,False,True,False,True,False,True,False,True,False,False,False,0,0,0.0112
0,0,0,0,58,1,1,24.7,1519.0,False,True,False,True,True,False,True,False,True,False,True,False,True,False,True,False,False,True,True,False,False,0,0,0.006
0,0,0,0,34,1,1,64.4,2088.75,False,True,False,False,False,True,False,True,False,False,False,True,False,False,False,False,True,False,False,False,True,1,0,0.0414
0,0,1,0,2,1,0,19.85,52.0,False,False,False,True,True,False,True,False,True,False,True,False,True,False,True,False,False,False,False,False,False,0,0,0.2252
0,0,1,1,14,1,1,84.8,1203.9,False,True,True,False,False,False,False,False,False,False,False,False,False,True,False,False,False,False,False,True,False,0,1,0.6667
0,0,1,1,61,1,0,88.1,5526.75,False,True,False,False,False,True,False,True,False,True,False,True,False,True,False,True,False,True,False,False,True,0,0,0.0148
0,0,1,0,38,1,1,105.0,4026.4,False,True,True,False,False,False,False,False,False,True,False,True,False,True,False,True,False,False,False,True,False,1,1,0.5407
0,0,1,1,58,1,1,93.4,5435.6,False,True,True,False,False,True,False,True,False,False,False,False,False,False,False,True,False,False,False,False,False,1,0,0.1999
1,0,0,0,2,1,0,70.3,132.4,False,False,False,False,False,False,False,False,False,False,False,True,False,True,False,True,False,False,False,True,False,0,0,0.4356
1,0,0,1,1,1,0,20.05,20.05,False,False,False,True,True,False,True,False,True,False,True,False,True,False,True,False,False,False,False,False,True,0,0,0.1743
0,0,0,0,39,1,1,80.45,3201.55,False,False,True,False,False,False,False,False,False,True,False,True,False,False,False,False,False,True,False,True,False,1,0,0.0969
1,0,0,0,68,1,1,76.9,5023.0,False,True,False,False,False,True,False,True,False,True,False,False,False,False,False,True,True,False,True,False,False,0,0,0.0228
0,0,1,1,31,1,0,21.0,697.7,False,False,False,True,True,False,True,False,True,False,True,False,True,False,True,False,False,True,False,False,True,0,0,0.0123
0,0,1,1,55,1,1,69.05,3842.6,False,False,True,False,False,False,False,False,False,False,False,False,False,False,False,False,False,True,True,False,False,0,0,0.0441
0,0,1,1,14,1,1,90.9,1259.0,False,True,True,False,False,False,False,True,False,False,False,False,False,False,False,True,False,False,False,False,False,1,1,0.5794
0,1,0,0,55,1,1,100.0,5509.3,False,True,True,False,False,False,False,False,False,True,False,False,False,True,False,True,True,False,False,True,False,1,0,0.3719
1,0,0,0,25,1,1,105.5,2686.05,False,False,True,False,False,True,False,False,False,True,False,True,False,True,False,True,False,False,False,True,False,0,0,0.4395
1,0,1,1,72,1,0,89.7,6339.3,False,True,False,False,False,True,False,True,False,True,False,True,False,True,False,True,False,True,True,False,False,0,0,0.0087
1,1,1,0,6,1,1,80.8,457.1,False,True,True,False,False,False,False,False,False,True,False,False,False,False,False,False,False,False,False,True,False,0,1,0.7524
0,1,1,0,45,1,1,86.1,3861.45,False,False,True,False,False,False,False,False,False,True,False,False,False,False,False,True,False,False,False,True,False,0,0,0.4771
1,0,1,1,56,1,1,59.8,3457.45,False,False,False,False,False,True,False,True,False,True,False,False,False,False,False,False,False,True,False,False,False,0,0,0.0106
0,0,0,0,13,0,1,35.1,446.1,True,False,False,False,False,False,False,False,False,False,False,False,False,False,False,True,False,False,False,True,False,1,1,0.5773
0,0,1,0,28,1,1,104.8,3046.05,False,True,True,False,False,False,False,False,False,True,False,True,False,True,False,True,False,False,False,True,False,1,1,0.6121
0,0,1,0,7,1,1,44.25,313.45,False,False,False,False,False,False,False,False,False,False,False,False,False,False,False,False,False,False,False,False,True,0,0,0.3775
0,1,0,0,18,1,1,103.6,1806.35,False,True,True,False,False,False,False,True,False,False,False,True,False,True,False,True,False,False,True,False,False,0,1,0.5972
1,0,0,0,46,1,1,94.9,4422.95,False,True,True,False,False,False,False,True,False,True,False,False,False,True,False,False,True,False,True,False,False,0,0,0.2
0,0,1,0,64,1,0,25.0,1584.8,False,True,False,True,True,False,True,False,True,False,True,False,True,False,True,False,False,True,True,False,False,0,0,0.0034
0,0,0,0,4,1,1,46.0,193.6,False,False,False,False,False,False,False,False,False,False,False,False,False,False,False,False,False,False,False,False,True,1,0,0.3901
0,0,1,0,71,0,1,47.6,3377.8,True,False,False,False,False,True,False,True,False,True,False,True,False,False,False,False,False,True,False,False,False,0,0,0.0063
0,0,1,1,38,1,0,20.45,781.25,False,False,False,True,True,False,True,False,True,False,True,False,True,False,True,False,False,False,False,False,True,0,0,0.0314
1,0,0,1,55,1,0,19.1,1001.5,False,False,False,True,True,False,True,False,True,False,True,False,True,False,True,False,True,False,False,False,False,0,0,0.0059
0,1,0,0,1,1,1,85.0,85.0,False,False,True,False,False,False,False,False,False,True,False,False,False,False,False,True,False,False,False,True,False,1,1,0.7884
0,0,0,0,11,1,1,94.2,999.9,False,False,True,False,False,False,False,True,False,True,False,True,False,False,False,True,False,False,False,True,False,0,1,0.5548
1,0,1,0,63,1,1,103.4,6603.0,False,True,True,False,False,False,False,True,False,True,False,False,False,True,False,True,False,False,False,True,False,1,0,0.4452
0,1,1,0,66,1,1,80.55,5265.1,False,True,False,False,False,False,False,True,False,True,False,False,False,True,False,True,False,True,False,False,False,1,0,0.0502
1,1,0,0,22,1,1,96.7,2082.95,False,True,True,False,False,False,False,False,False,False,False,False,False,True,False,True,False,False,False,True,False,1,1,0.7489
0,0,0,0,5,1,1,84.0,424.75,False,True,True,False,False,False,False,False,False,False,False,False,False,True,False,False,False,False,False,True,False,0,1,0.763
0,1,0,0,18,1,1,49.85,865.75,False,False,False,False,False,False,False,True,False,False,False,False,False,False,False,False,False,False,True,False,False,0,0,0.2726
0,0,0,0,20,1,0,19.7,406.95,False,False,False,True,True,False,True,False,True,False,True,False,True,False,True,False,False,True,False,False,True,0,0,0.0259
0,1,1,0,18,1,0,99.75,1836.25,False,True,True,False,False,False,False,False,False,False,False,True,False,True,False,True,False,False,False,False,False,1,1,0.6033
1,0,1,1,65,1,0,108.65,6937.95,False,True,True,False,False,True,False,False,False,True,False,True,False,True,False,True,False,True,False,False,False,1,0,0.0444
1,0,1,1,69,1,0,86.9,6194.1,False,True,False,False,False,True,False,False,False,True,False,True,False,True,False,True,False,True,False,False,False,0,0,0.0123
0,0,1,0,52,1,1,64.3,3410.6,False,False,False,False,False,True,False,False,False,True,False,False,False,True,False,False,True,False,False,False,True,0,0,0.0387
1,0,0,0,2,1,1,80.2,181.1,False,False,True,False,False,False,False,False,False,False,False,False,False,False,False,True,False,False,False,True,False,1,1,0.7334
0,1,1,1,48,1,1,104.5,5068.05,False,False,True,False,False,True,False,False,False,True,False,True,False,True,False,True,False,False,False,True,False,0,0,0.3264
0,0,1,0,42,1,1,84.3,3588.4,False,True,True,False,False,False,False,False,False,True,False,True,False,False,False,False,False,False,False,True,False,1,0,0.3394
1,1,1,0,23,1,1,104.45,2184.85,False,True,True,False,False,False,False,True,False,True,False,False,False,True,False,True,False,False,False,True,False,0,1,0.7346
1,0,1,0,72,1,1,103.75,7346.2,False,True,True,False,False,False,False,True,False,True,False,False,False,True,False,True,False,True,False,False,False,0,0,0.1071
1,0,1,1,24,1,1,24.1,587.4,False,True,False,True,True,False,True,False,True,False,True,False,True,False,True,False,False,True,False,False,False,0,0,0.0312
0,0,0,1,7,0,0,29.8,201.95,True,False,False,False,False,True,False,False,False,False,False,False,False,False,False,False,False,False,False,False,True,0,0,0.2857
0,0,0,0,66,1,1,92.15,6056.9,False,True,True,False,False,False,False,False,False,True,False,False,False,True,False,False,True,False,False,False,False,0,0,0.14
1,0,0,0,67,1,1,118.35,7804.15,False,True,True,False,False,True,False,True,False,True,False,True,False,True,False,True,True,False,False,False,False,1,0,0.1051
1,0,1,0,47,1,1,104.1,5135.15,False,True,True,False,False,False,False,True,False,True,False,False,False,True,False,True,False,False,False,True,False,0,1,0.5641
0,1,1,0,47,1,0,99.7,4747.2,False,True,True,False,False,False,False,False,False,True,False,False,False,True,False,True,False,False,False,True,False,0,1,0.5662
1,0,0,0,2,1,0,53.45,119.5,False,False,False,False,False,True,False,False,False,True,False,False,False,False,False,False,False,False,False,True,False,0,0,0.3218
0,0,1,1,12,1,0,25.25,274.7,False,True,False,True,True,False,True,False,True,False,True,False,True,False,True,False,False,True,True,False,False,0,0,0.038
1,0,0,0,3,1,1,70.3,220.4,False,False,True,False,False,False,False,False,False,False,False,False,False,False,False,False,False,False,False,False,True,0,1,0.5963
1,1,1,0,69,1,1,95.35,6382.0,False,True,True,False,False,False,False,True,False,True,False,False,False,False,False,True,False,False,False,False,False,0,0,0.2865
1,0,0,0,1,1,1,79.05,79.05,False,False,True,False,False,False,False,False,False,False,False,False,False,True,False,False,False,False,False,True,False,1,1,0.7399
1,0,1,1,8,1,1,43.45,345.5,False,False,False,False,False,False,False,False,False,False,False,False,False,False,False,False,True,False,False,False,True,0,0,0.1748
1,0,0,0,3,1,1,105.35,323.25,False,True,True,False,False,False,False,True,False,True,False,False,False,True,False,True,False,False,False,False,False,1,1,0.7382
0,0,1,1,30,0,0,51.2,1561.5,True,False,False,False,False,False,False,False,False,False,False,True,False,True,False,True,False,False,True,False,False,1,0,0.1967
1,0,0,0,29,1,1,75.35,2243.9,False,False,False,False,False,False,False,False,False,True,False,True,False,True,False,True,True,False,False,False,False,0,0,0.1212
0,0,0,0,40,1,1,20.6,827.3,False,False,False,True,True,False,True,False,True,False,True,False,True,False,True,False,False,True,False,False,False,0,0,0.0126
1,0,1,0,72,1,0,86.65,6094.25,False,True,False,False,False,True,False,False,False,True,False,True,False,True,False,True,False,True,True,False,False,0,0,0.0109
1,0,1,0,48,1,1,111.45,5315.1,False,True,True,False,False,True,False,True,False,True,False,False,False,True,False,True,False,False,False,False,False,0,0,0.3764
1,1,0,0,47,1,0,85.5,4042.3,False,False,True,False,False,True,False,False,False,False,False,False,False,False,False,True,False,False,False,False,True,1,0,0.2224
0,1,0,0,4,1,0,20.05,91.45,False,False,False,True,True,False,True,False,True,False,True,False,True,False,True,False,False,False,False,False,True,0,0,0.2311
1,0,1,1,72,1,1,114.05,8289.2,False,True,True,False,False,True,False,True,False,True,False,True,False,True,False,True,False,True,True,False,False,0,0,0.0446
1,0,0,0,1,1,1,19.75,19.75,False,False,False,True,True,False,True,False,True,False,True,False,True,False,True,False,False,False,True,False,False,0,0,0.2438
1,0,0,1,52,1,0,25.6,1334.5,False,True,False,True,True,False,True,False,True,False,True,False,True,False,True,False,False,True,True,False,False,0,0,0.0047
1,0,1,0,5,0,1,24.95,100.4,True,False,False,False,False,False,False,False,False,False,False,False,False,False,False,False,False,False,False,True,False,1,1,0.6113
1,0,1,1,22,1,0,20.25,488.25,False,False,False,True,True,False,True,False,True,False,True,False,True,False,True,False,True,False,False,False,False,0,0,0.0353
0,0,1,1,18,1,1,61.5,1087.45,False,False,False,False,False,True,False,True,False,False,False,True,False,False,False,False,True,False,False,False,True,0,0,0.0502
0,0,1,1,54,1,1,24.75,1342.15,False,True,False,True,True,False,True,False,True,False,True,False,True,False,True,False,True,False,False,False,False,0,0,0.0122
1,0,0,0,25,1,0,20.6,541.5,False,False,False,True,True,False,True,False,True,False,True,False,True,False,True,False,False,False,False,False,True,0,0,0.0689
0,0,0,0,38,1,0,20.3,743.05,False,False,False,True,True,False,True,False,True,False,True,False,True,False,True,False,False,True,False,False,True,0,0,0.01
0,0,1,0,2,1,1,70.7,141.45,False,False,True,False,False,False,False,False,False,False,False,False,False,False,False,False,False,False,False,True,False,1,1,0.6953
0,0,0,0,2,1,1,54.35,117.05,False,True,False,False,False,False,False,False,False,False,False,True,False,False,False,False,False,False,False,False,True,0,0,0.3732
0,0,0,0,7,1,1,70.75,450.8,False,False,False,False,False,False,False,False,False,False,False,True,False,True,False,True,False,False,True,False,False,1,0,0.3632
1,0,0,0,4,1,1,56.4,234.85,False,False,False,False,False,False,False,False,False,False,False,False,False,True,False,False,False,False,False,True,False,0,1,0.5201
0,0,1,1,3,0,0,29.7,91.7,True,False,False,False,False,True,False,False,False,False,False,False,False,False,False,False,False,False,True,False,False,1,0,0.3237
1,0,1,0,53,1,0,19.9,1110.05,False,False,False,True,True,False,True,False,True,False,True,False,True,False,True,False,False,True,True,False,False,0,0,0.0044
0,0,0,0,17,1,0,20.05,337.9,False,False,False,True,True,False,True,False,True,False,True,False,True,False,True,False,True,False,True,False,False,0,0,0.0476
0,0,0,0,70,0,1,44.6,3058.15,True,False,False,False,False,True,False,True,False,True,False,True,False,False,False,False,False,True,False,False,False,0,0,0.0061
1,0,0,0,25,1,1,94.7,2362.1,False,True,True,False,False,False,False,False,False,False,False,False,False,True,False,True,False,False,False,False,False,1,1,0.628
1,0,0,0,1,1,0,20.3,20.3,False,False,False,True,True,False,True,False,True,False,True,False,True,False,True,False,False,False,False,False,True,0,0,0.2071
0,0,0,0,1,1,0,49.55,49.55,False,False,False,False,False,True,False,False,False,False,False,False,False,False,False,False,False,False,False,False,False,0,0,0.2808
0,1,0,0,24,1,1,20.3,459.95,False,False,False,True,True,False,True,False,True,False,True,False,True,False,True,False,False,False,False,False,True,0,0,0.1193
1,1,0,0,3,1,0,91.05,289.1,False,True,True,False,False,False,False,False,False,True,False,False,False,True,False,False,False,False,False,True,False,1,1,0.7568
1,0,1,1,48,1,0,23.55,1173.35,False,True,False,True,True,False,True,False,True,False,True,False,True,False,True,False,False,True,False,False,True,0,0,0.0067
0,0,0,0,66,0,1,62.5,4136.4,True,False,False,False,False,True,False,True,False,True,False,True,False,True,False,True,False,True,False,False,False,0,0,0.018
1,0,1,1,19,1,1,100.95,1875.55,False,True,True,False,False,False,False,False,False,False,False,True,False,True,False,True,True,False,False,True,False,1,0,0.4022
0,0,0,0,1,1,1,50.45,50.45,False,False,False,False,False,False,False,False,False,True,False,False,False,False,False,False,False,False,False,False,True,1,0,0.42
0,0,1,1,72,1,0,25.2,1787.35,False,True,False,True,True,False,True,False,True,False,True,False,True,False,True,False,False,True,False,False,False,0,0,0.0021
1,0,0,0,10,1,1,19.85,193.05,False,False,False,True,True,False,True,False,True,False,True,False,True,False,True,False,False,False,False,False,True,0,0,0.177
1,0,1,1,54,1,1,65.65,3566.7,False,True,False,False,False,True,False,True,False,False,False,True,False,False,False,False,False,True,True,False,False,0,0,0.0088
0,0,1,0,71,1,0,24.75,1836.9,False,True,False,True,True,False,True,False,True,False,True,False,True,False,True,False,False,True,False,False,False,0,0,0.0028
1,0,1,1,27,1,1,75.75,1929.0,False,True,True,False,False,False,False,False,False,False,False,False,False,False,False,False,False,False,False,False,False,0,0,0.4035
0,0,1,0,57,1,1,19.6,1134.25,False,False,False,True,True,False,True,False,True,False,True,False,True,False,True,False,False,True,False,False,False,0,0,0.0055
0,0,1,1,10,1,0,70.3,676.15,False,True,False,False,False,True,False,True,False,False,False,False,False,True,False,False,True,False,False,True,False,0,0,0.1616
0,1,0,0,2,1,0,81.5,162.55,False,False,True,False,False,False,False,False,False,False,False,False,False,True,False,False,False,False,False,False,True,0,1,0.6571
0,0,0,0,34,1,1,79.95,2727.3,False,False,False,False,False,True,False,False,False,True,False,True,False,True,False,True,True,False,False,False,False,0,0,0.0734
1,1,1,0,19,0,1,34.3,577.15,True,False,False,False,False,False,False,True,False,True,False,False,False,False,False,False,False,False,True,False,False,0,0,0.3777
0,0,0,0,17,1,1,70.0,1144.5,False,False,True,False,False,False,False,False,False,False,False,False,False,False,False,False,False,False,False,True,False,1,1,0.5531
1,0,0,0,66,0,0,29.45,1983.15,True,False,False,False,False,False,False,False,False,False,False,True,False,False,False,False,True,False,True,False,False,0,0,0.0113
0,0,0,0,31,1,1,79.85,2404.15,False,True,True,False,False,False,False,False,False,False,False,True,False,False,False,False,False,False,True,False,False,1,0,0.305
0,0,0,0,56,0,0,45.05,2560.1,True,False,False,False,False,True,False,True,False,True,False,True,False,False,False,False,False,True,False,False,False,0,0,0.009
1,0,0,1,49,1,1,100.6,5069.65,False,True,True,False,False,False,False,False,False,False,False,True,False,True,False,True,True,False,False,False,False,1,0,0.1842
1,0,0,1,27,1,0,56.2,1567.55,False,False,False,False,False,True,False,True,False,False,False,False,False,False,False,False,True,False,False,False,True,0,0,0.0373
0,0,0,0,45,1,0,73.55,3349.1,False,True,False,False,False,True,False,False,False,False,False,True,False,False,False,True,False,True,False,False,True,0,0,0.0188
1,0,0,0,1,0,0,25.35,25.35,True,False,False,False,False,False,False,False,False,False,False,False,False,False,False,False,False,False,False,False,True,0,1,0.5016
0,0,0,0,3,1,0,19.85,57.2,False,False,False,True,True,False,True,False,True,False,True,False,True,False,True,False,False,False,False,False,True,0,0,0.1965
1,0,0,0,35,1,0,61.2,2021.2,False,False,False,False,False,True,False,True,False,True,False,False,False,False,False,False,True,False,False,False,True,0,0,0.0328
0,1,0,0,5,1,0,78.95,378.4,False,False,True,False,False,False,False,False,False,False,False,False,False,False,False,True,False,False,False,True,False,1,1,0.7187
1,0,0,0,54,1,1,79.85,4308.25,False,True,True,False,False,False,False,True,False,False,False,False,False,False,False,False,False,False,False,False,False,0,0,0.2334
0,0,0,0,13,1,0,19.65,244.8,False,False,False,True,True,False,True,False,True,False,True,False,True,False,True,False,True,False,False,True,False,0,0,0.0848
1,1,0,0,3,1,1,94.85,335.75,False,True,True,False,False,False,False,False,False,False,False,False,False,True,False,True,False,False,False,True,False,0,1,0.8475
0,0,1,0,9,1,1,75.75,655.9,False,False,True,False,False,False,False,False,False,True,False,False,False,False,False,False,False,False,False,False,False,1,1,0.5714
0,0,0,0,24,1,0,56.35,1381.2,False,False,False,False,False,True,False,False,False,False,False,True,False,False,False,False,False,False,True,False,False,0,0,0.0768
1,0,0,0,9,1,1,68.25,576.95,False,False,False,False,False,True,False,False,False,True,False,True,False,False,False,True,False,False,False,False,False,0,0,0.2357
0,0,1,1,70,1,0,65.2,4543.15,False,True,False,False,False,True,False,False,False,False,False,False,False,False,False,True,True,False,False,False,False,0,0,0.0161
0,0,1,0,72,1,1,110.45,7982.5,False,True,True,False,False,False,False,True,False,True,False,True,False,True,False,True,False,True,False,False,False,0,0,0.087
1,0,1,1,45,1,1,109.75,4900.65,False,True,True,False,False,False,False,True,False,True,False,True,False,True,False,True,False,True,False,False,False,0,0,0.1257
0,0,0,0,39,0,1,40.3,1630.4,True,False,False,False,False,True,False,True,False,False,False,True,False,False,False,False,True,False,False,False,False,0,0,0.0418
1,0,1,0,51,1,1,96.4,4911.05,False,True,True,False,False,True,False,True,False,False,False,False,False,False,False,True,True,False,True,False,False,0,0,0.1276
1,0,0,0,1,1,1,20.1,20.1,False,False,False,True,True,False,True,False,True,False,True,False,True,False,True,False,False,False,False,False,True,1,0,0.2564
0,0,0,0,29,0,1,25.1,712.85,True,False,False,False,False,False,False,False,False,False,False,False,False,False,False,False,False,False,True,False,False,1,0,0.2321
1,0,0,0,22,1,1,24.85,493.4,False,True,False,True,True,False,True,False,True,False,True,False,True,False,True,False,False,False,True,False,False,0,0,0.1186
0,1,0,0,20,1,1,85.8,1727.5,False,True,True,False,False,False,False,False,False,False,False,False,False,False,False,True,False,False,True,False,False,1,1,0.6278
1,0,0,0,8,0,0,29.35,216.45,True,False,False,False,False,True,False,False,False,False,False,False,False,False,False,False,False,False,False,False,True,0,0,0.3154
0,0,1,0,15,1,1,84.3,1308.4,False,False,True,False,False,False,False,False,False,True,False,False,False,True,False,False,False,False,False,True,False,1,1,0.6578
1,0,0,0,1,1,1,50.75,50.75,False,False,False,False,False,True,False,False,False,False,False,False,False,False,False,False,False,False,False,False,True,0,0,0.3124
0,0,1,1,54,1,0,60.0,3273.95,False,True,False,False,False,True,False,False,False,False,False,True,False,False,False,False,False,True,False,False,False,0,0,0.0083
0,0,1,1,18,1,0,19.35,309.25,False,False,False,True,True,False,True,False,True,False,True,False,True,False,True,False,False,True,False,False,True,0,0,0.0241
1,1,1,0,18,1,1,59.1,1011.05,False,False,False,False,False,True,False,False,False,False,False,False,False,False,False,True,False,False,True,False,False,0,0,0.2727
1,0,1,1,72,0,0,45.25,3139.8,True,False,False,False,False,True,False,True,False,True,False,True,False,False,False,False,False,True,True,False,False,0,0,0.003
0,0,1,1,33,1,1,24.5,740.3,False,True,False,True,True,False,True,False,True,False,True,False,True,False,True,False,False,True,False,False,True,1,0,0.0187
0,0,0,0,7,1,1,69.85,515.45,False,False,True,False,False,False,False,False,False,False,False,False,False,False,False,False,False,False,False,False,False,0,1,0.587
1,0,1,0,44,0,0,54.3,2390.45,True,False,False,False,False,False,False,True,False,True,False,False,False,True,False,True,False,True,False,False,False,0,0,0.0651
0,0,0,0,2,1,0,74.9,147.15,False,True,True,False,False,False,False,False,False,False,False,False,False,False,False,False,False,False,True,False,False,1,1,0.584
1,0,0,0,58,1,0,80.65,4807.35,False,True,True,False,False,False,False,False,False,False,False,True,False,False,False,False,False,False,False,False,False,0,0,0.1348
1,0,1,0,2,1,1,94.2,167.5,False,False,True,False,False,False,False,False,False,False,False,True,False,True,False,True,False,False,False,True,False,1,1,0.708
0,0,0,0,17,1,0,19.7,340.35,False,False,False,True,True,False,True,False,True,False,True,False,True,False,True,False,False,False,True,False,False,0,0,0.0982
0,0,0,0,36,1,1,104.8,3886.45,False,True,True,False,False,False,False,True,False,True,False,False,False,True,False,True,True,False,False,False,False,0,0,0.3678
0,1,1,0,71,1,0,89.45,6435.25,False,False,True,False,False,False,False,True,False,True,False,False,False,False,False,True,False,True,True,False,False,0,0,0.0508
1,1,0,0,67,1,1,75.7,5060.85,False,True,True,False,False,False,False,False,False,False,False,False,False,False,False,False,False,False,False,False,True,0,0,0.1939
1,0,1,0,17,0,1,49.8,836.35,True,False,False,False,False,False,False,True,False,False,False,False,False,True,False,True,False,False,False,False,True,0,0,0.4995
0,0,1,1,67,1,1,112.35,7388.45,False,True,True,False,False,False,False,True,False,True,False,True,False,True,False,True,True,False,True,False,False,0,0,0.1114
1,0,0,0,65,1,0,105.1,6631.85,False,True,True,False,False,False,False,True,False,True,False,False,False,True,False,True,False,True,True,False,False,0,0,0.0817
1,0,1,1,1,1,1,68.5,68.5,False,False,True,False,False,False,False,False,False,False,False,False,False,False,False,False,False,False,False,True,False,1,1,0.6588
0,0,1,0,7,1,1,81.1,576.65,False,False,True,False,False,False,False,False,False,False,False,False,False,True,False,False,False,False,False,True,False,1,1,0.7075
0,0,1,1,11,1,1,20.0,196.35,False,False,False,True,True,False,True,False,True,False,True,False,True,False,True,False,True,False,False,False,True,0,0,0.0756
0,0,1,0,69,1,1,116.0,8182.85,False,True,True,False,False,True,False,True,False,True,False,True,False,True,False,True,False,True,False,True,False,0,0,0.0902
0,0,1,0,70,1,0,19.45,1303.5,False,False,False,True,True,False,True,False,True,False,True,False,True,False,True,False,False,True,False,False,False,0,0,0.0021
0,0,1,1,72,0,0,64.45,4528.0,True,False,False,False,False,True,False,True,False,True,False,True,False,True,False,True,False,True,False,False,False,0,0,0.0089
0,0,0,0,7,1,1,73.85,511.25,False,True,True,False,False,False,False,False,False,False,False,False,False,False,False,False,False,False,False,True,False,1,1,0.7012
1,0,0,1,3,1,0,69.65,220.1,False,False,True,False,False,False,False,False,False,False,False,False,False,False,False,False,False,False,False,True,False,1,1,0.5594
1,0,1,0,72,1,0,85.95,6151.9,False,True,False,False,False,False,False,True,False,True,False,True,False,True,False,True,False,True,False,False,False,0,0,0.0177
0,0,0,0,16,1,1,93.2,1573.7,False,False,True,False,False,False,False,True,False,True,False,False,False,False,False,True,False,False,True,False,False,1,1,0.5093
0,0,0,0,38,1,0,20.05,741.5,False,False,False,True,True,False,True,False,True,False,True,False,True,False,True,False,False,True,False,False,True,0,0,0.01
0,0,0,0,1,1,1,70.85,70.85,False,False,True,False,False,False,False,False,False,False,False,False,False,False,False,False,False,False,False,True,False,1,1,0.6919
1,0,0,0,1,1,1,42.9,42.9,False,False,False,False,False,False,False,False,False,False,False,False,False,False,False,False,False,False,False,True,False,1,1,0.511
0,0,1,0,42,0,0,33.55,1445.3,True,False,False,False,False,False,False,True,False,False,False,True,False,False,False,False,True,False,False,False,True,1,0,0.0403
0,1,0,0,3,1,0,75.05,202.9,False,False,True,False,False,False,False,False,False,True,False,False,False,False,False,False,False,False,False,False,True,0,1,0.5954
1,0,0,0,35,1,1,108.95,4025.5,False,True,True,False,False,True,False,False,False,True,False,True,False,True,False,True,False,True,False,True,False,0,0,0.1827
1,0,1,1,72,1,1,114.3,8058.55,False,True,True,False,False,True,False,True,False,True,False,True,False,True,False,True,False,True,True,False,False,0,0,0.0414
0,0,1,0,64,1,0,25.55,1714.95,False,True,False,True,True,False,True,False,True,False,True,False,True,False,True,False,False,True,False,False,True,0,0,0.0038
1,0,0,0,1,1,0,45.75,45.75,False,False,False,False,False,False,False,False,False,False,False,False,False,False,False,False,False,False,False,True,False,1,0,0.4283
0,0,1,0,12,1,0,54.2,690.5,False,False,False,False,False,True,False,False,False,False,False,True,False,False,False,False,False,False,False,False,False,0,0,0.1473
1,1,1,0,10,1,1,89.8,914.3,False,True,True,False,False,False,False,False,False,True,False,False,False,False,False,True,False,False,False,True,False,1,1,0.783
0,0,0,0,15,1,0,19.75,297.3,False,False,False,True,True,False,True,False,True,False,True,False,True,False,True,False,False,False,False,False,False,1,0,0.1219
0,1,1,0,29,0,1,45.0,1228.65,True,False,False,False,False,True,False,False,False,True,False,False,False,False,False,True,False,False,False,True,False,0,0,0.3661
1,0,1,1,63,1,1,80.3,4896.35,False,False,True,False,False,False,False,True,False,True,False,False,False,False,False,False,False,False,True,False,False,0,0,0.1094
0,0,1,1,36,1,1,104.5,3684.95,False,True,True,False,False,True,False,False,False,True,False,False,False,True,False,True,False,False,True,False,False,0,0,0.387
0,0,1,0,55,1,1,94.45,5073.1,False,True,True,False,False,False,False,True,False,True,False,False,False,True,False,False,False,False,True,False,False,0,0,0.2982
1,0,1,1,72,1,1,106.1,7548.6,False,True,True,False,False,True,False,True,False,True,False,True,False,True,False,False,False,True,True,False,False,0,0,0.0271
0,0,0,0,5,1,1,64.0,370.25,False,True,False,False,False,False,False,True,False,False,False,False,False,False,False,True,False,False,False,True,False,0,1,0.5646
1,0,0,0,16,1,1,74.55,1170.5,False,False,True,False,False,False,False,False,False,False,False,True,False,False,False,False,False,False,True,False,False,0,0,0.3626
0,0,0,0,49,1,1,84.5,3906.7,False,True,True,False,False,False,False,False,False,False,False,False,False,False,False,True,False,False,False,True,False,0,0,0.414
1,0,1,0,66,1,0,91.7,6075.9,False,True,False,False,False,True,False,True,False,True,False,True,False,True,False,True,False,True,False,False,False,0,0,0.0155
0,0,1,1,72,1,0,90.95,6652.45,False,True,False,False,False,True,False,True,False,True,False,True,False,True,False,True,False,True,True,False,False,0,0,0.0096
1,0,0,0,5,0,0,40.0,223.45,True,False,False,False,False,True,False,False,False,True,False,True,False,False,False,False,False,False,False,False,True,1,0,0.259
0,0,1,1,71,1,0,87.25,6328.7,False,False,False,False,False,True,False,True,False,True,False,True,False,True,False,True,False,True,True,False,False,0,0,0.0072
1,0,1,0,30,1,0,49.9,1441.95,False,True,False,False,False,False,False,False,False,False,False,False,False,False,False,False,False,False,False,True,False,0,0,0.2175
1,0,1,1,18,1,0,83.25,1611.15,False,False,False,False,False,True,False,False,False,True,False,True,False,True,False,True,False,False,False,True,False,0,0,0.1905
1,1,0,0,4,1,1,94.75,422.4,False,False,True,False,False,False,False,False,False,True,False,False,False,True,False,True,False,False,False,True,False,0,1,0.809
0,0,1,1,67,1,0,106.7,7009.5,False,True,True,False,False,True,False,False,False,False,False,True,False,True,False,True,False,True,True,False,False,0,0,0.035
1,1,1,0,69,1,1,84.9,5785.65,False,True,True,False,False,True,False,True,False,False,False,False,False,False,False,False,False,False,True,False,False,0,0,0.1301
1,0,1,0,39,1,1,20.45,790.0,False,False,False,True,True,False,True,False,True,False,True,False,True,False,True,False,False,True,False,False,False,0,0,0.0135
1,1,1,0,52,1,1,105.1,5376.4,False,True,True,False,False,False,False,True,False,True,False,False,False,True,False,True,True,False,False,False,False,0,0,0.3194
1,0,0,1,38,1,1,99.25,3777.15,False,True,True,False,False,False,False,False,False,True,False,False,False,True,False,True,False,False,False,False,False,1,0,0.4907
1,0,1,0,71,1,1,108.55,7616.0,False,True,True,False,False,True,False,False,False,True,False,True,False,True,False,True,False,True,True,False,False,0,0,0.0541
1,1,0,0,3,1,1,81.35,233.7,False,True,True,False,False,False,False,True,False,False,False,False,False,False,False,False,False,False,False,True,False,1,1,0.7416
1,0,0,0,9,0,1,24.95,190.25,True,False,False,False,False,False,False,False,False,False,False,False,False,False,False,False,False,False,False,True,False,0,1,0.5485
1,0,0,0,17,1,0,19.95,310.6,False,False,False,True,True,False,True,False,True,False,True,False,True,False,True,False,True,False,False,False,True,0,0,0.0493
1,0,1,0,35,1,1,89.85,3161.2,False,True,True,False,False,False,False,False,False,False,False,True,False,False,False,True,False,False,False,False,False,0,0,0.3959
0,0,1,1,72,1,1,83.3,6042.7,False,True,False,False,False,True,False,False,False,True,False,True,False,True,False,True,False,True,False,False,False,0,0,0.0143
1,0,1,0,41,1,1,19.75,899.45,False,False,False,True,True,False,True,False,True,False,True,False,True,False,True,False,False,True,False,True,False,0,0,0.0163
1,0,0,0,63,1,1,86.7,5309.5,False,False,False,False,False,True,False,True,False,True,False,True,False,True,False,True,False,True,False,False,False,0,0,0.0147
0,1,1,0,32,1,1,85.95,2628.6,False,True,True,False,False,False,False,False,False,False,False,False,False,True,False,False,False,False,True,False,False,1,1,0.5302
0,0,1,0,13,1,0,94.1,1215.6,False,True,True,False,False,False,False,True,False,True,False,False,False,True,False,False,False,False,False,True,False,1,1,0.6388
0,0,1,1,72,1,1,23.3,1623.15,False,True,False,True,True,False,True,False,True,False,True,False,True,False,True,False,True,False,False,False,False,0,0,0.0048
0,0,0,0,52,1,1,80.2,4297.6,False,True,True,False,False,False,False,True,False,False,False,False,False,False,False,False,True,False,False,False,True,0,0,0.1317
1,0,0,0,31,1,1,101.4,3143.65,False,False,True,False,False,False,False,True,False,True,False,False,False,True,False,True,False,False,False,True,False,0,1,0.5672
1,0,1,1,72,1,0,25.0,1738.9,False,True,False,True,True,False,True,False,True,False,True,False,True,False,True,False,False,True,False,False,False,0,0,0.002
0,0,0,0,29,1,1,98.6,2933.2,False,True,True,False,False,False,False,False,False,True,False,False,False,True,False,True,False,False,True,False,False,1,1,0.5884
0,0,0,0,40,1,1,80.75,3208.65,False,True,False,False,False,False,False,False,False,True,False,True,False,True,False,True,True,False,False,False,True,0,0,0.1039
0,1,1,0,66,1,0,104.6,6819.45,False,True,True,False,False,False,False,True,False,True,False,False,False,True,False,True,True,False,True,False,False,0,0,0.1809
0,0,0,0,1,1,0,94.4,94.4,False,False,True,False,False,False,False,False,False,True,False,False,False,True,False,True,False,False,False,True,False,1,1,0.7362
1,0,0,0,2,1,1,46.0,84.5,False,False,False,False,False,False,False,False,False,False,False,False,False,False,False,False,False,False,True,False,False,1,0,0.385
1,0,1,0,72,1,0,115.15,8349.45,False,True,True,False,False,True,False,True,False,True,False,True,False,True,False,True,False,True,False,False,False,0,0,0.0481
0,1,0,0,66,1,1,102.4,6471.85,False,True,True,False,False,True,False,False,False,False,False,False,False,True,False,True,False,True,False,False,False,0,0,0.1019
1,0,1,1,50,1,0,54.9,2614.1,False,True,False,False,False,False,False,False,False,True,False,False,False,False,False,False,True,False,False,False,False,0,0,0.0333
0,0,0,0,15,1,1,99.1,1426.4,False,False,True,False,False,True,False,True,False,False,False,False,False,True,False,True,False,False,True,False,False,1,0,0.4842
0,0,1,0,37,1,1,78.95,2839.65,False,True,True,False,False,False,False,False,False,True,False,False,False,False,False,False,False,False,True,False,False,1,0,0.3604
0,0,1,1,13,1,0,88.35,1222.8,False,False,True,False,False,False,False,False,False,False,False,False,False,True,False,True,False,False,False,True,False,1,1,0.6318
0,1,1,0,58,1,1,97.8,5458.8,False,True,True,False,False,False,False,True,False,False,False,False,False,True,False,True,True,False,False,False,False,0,0,0.272
1,1,0,0,15,1,1,74.2,1133.9,False,True,True,False,False,False,False,False,False,False,False,False,False,False,False,False,False,False,True,False,False,1,1,0.5966
1,0,1,1,18,1,0,19.8,342.3,False,False,False,True,True,False,True,False,True,False,True,False,True,False,True,False,True,False,False,False,False,0,0,0.0428
0,0,1,1,72,1,1,95.9,6954.15,False,True,True,False,False,True,False,True,False,False,False,False,False,True,False,False,False,True,False,False,False,0,0,0.0412
0,0,0,0,31,1,0,87.6,2724.25,False,False,True,False,False,True,False,False,False,True,False,True,False,False,False,False,False,False,False,True,False,0,0,0.2066
1,0,0,0,53,1,0,19.65,978.0,False,False,False,True,True,False,True,False,True,False,True,False,True,False,True,False,False,True,False,False,False,0,0,0.0047
0,0,1,0,26,1,0,81.9,2078.55,False,False,False,False,False,False,False,True,False,True,False,True,False,True,False,True,False,False,False,False,False,0,0,0.1926
1,0,0,0,6,1,1,80.25,493.4,False,False,False,False,False,True,False,False,False,True,False,True,False,True,False,True,False,True,False,False,True,0,0,0.0967
1,0,1,0,61,1,1,114.1,7132.15,False,True,True,False,False,False,False,True,False,True,False,True,False,True,False,True,False,False,False,True,False,0,0,0.3821
1,0,1,1,9,1,1,79.35,661.25,False,True,True,False,False,False,False,False,False,True,False,False,False,False,False,False,False,False,False,False,False,1,1,0.572
0,0,1,0,46,1,1,69.1,3168.0,False,False,False,False,False,False,False,True,False,False,False,False,False,True,False,True,False,False,True,False,False,0,0,0.1619
0,0,0,0,62,1,1,65.1,3846.75,False,False,False,False,False,True,False,False,False,False,False,True,False,False,False,True,False,True,False,False,True,0,0,0.0092
0,0,1,1,52,1,1,95.7,4976.15,False,True,True,False,False,False,False,True,False,True,False,False,False,True,False,False,True,False,True,False,False,0,0,0.1515
0,0,0,1,1,1,1,69.65,69.65,False,False,True,False,False,False,False,False,False,False,False,False,False,False,False,False,False,False,False,True,False,1,1,0.6492
0,0,1,1,11,0,1,29.6,346.45,True,False,False,False,False,True,False,False,False,False,False,False,False,False,False,False,False,False,False,True,False,0,0,0.3887
0,0,0,0,72,1,1,116.45,8013.55,False,True,True,False,False,True,False,True,False,True,False,True,False,True,False,True,False,True,False,False,False,0,0,0.0541
1,1,1,0,32,1,1,93.5,2970.8,False,True,True,False,False,False,False,True,False,True,False,False,False,False,False,True,False,False,False,True,False,0,1,0.6274
0,0,0,0,65,1,1,59.6,3739.8,False,False,False,False,False,True,False,True,False,False,False,True,False,False,False,False,False,True,False,False,True,0,0,0.0052
0,0,1,1,52,1,1,50.95,2610.65,False,False,False,False,False,False,False,False,False,True,False,False,False,False,False,False,True,False,False,False,False,0,0,0.0315
1,0,0,0,47,1,0,100.75,4669.2,False,True,True,False,False,True,False,True,False,False,False,True,False,True,False,False,False,False,False,False,True,0,0,0.159
1,0,1,1,55,1,1,90.4,5099.15,False,True,True,False,False,False,False,False,False,True,False,False,False,True,False,False,False,False,True,False,False,0,0,0.2702
1,0,0,1,1,0,0,24.75,24.75,True,False,False,False,False,False,False,False,False,False,False,False,False,False,False,False,False,False,False,True,False,1,1,0.5318
1,0,0,0,2,1,1,80.25,144.55,False,False,True,False,False,False,False,False,False,False,False,False,False,True,False,False,False,False,False,True,False,1,1,0.7274
1,0,1,1,35,1,0,19.6,686.95,False,False,False,True,True,False,True,False,True,False,True,False,True,False,True,False,False,True,False,False,True,0,0,0.0097
0,0,1,1,33,1,0,20.1,579.4,False,False,False,True,True,False,True,False,True,False,True,False,True,False,True,False,True,False,False,False,True,0,0,0.0187
1,0,1,1,15,1,0,101.9,1667.25,False,False,True,False,False,True,False,False,False,False,False,True,False,True,False,True,True,False,False,True,False,0,0,0.2337
0,0,1,0,72,1,1,90.95,6468.6,False,True,False,False,False,True,False,True,False,True,False,True,False,True,False,True,False,True,False,False,False,0,0,0.0169
1,1,0,0,1,1,0,44.0,44.0,False,False,False,False,False,False,False,False,False,False,False,False,False,False,False,False,False,False,False,True,False,0,1,0.5015
0,0,1,1,43,1,0,56.15,2499.3,False,False,False,False,False,False,False,False,False,False,False,False,False,True,False,False,False,False,False,True,False,1,0,0.127
1,0,0,0,10,1,1,59.65,638.95,False,False,False,False,False,False,False,True,False,False,False,False,False,True,False,False,False,False,False,False,True,0,0,0.3628
1,0,0,0,5,1,0,20.35,92.75,False,False,False,True,True,False,True,False,True,False,True,False,True,False,True,False,False,False,False,False,True,0,0,0.174
1,0,0,0,57,1,1,90.45,5229.8,False,True,True,False,False,False,False,False,False,False,False,True,False,True,False,False,False,True,True,False,False,0,0,0.0669
0,0,1,1,17,1,0,94.4,1607.2,False,True,True,False,False,True,False,False,False,True,False,False,False,True,False,False,False,False,False,True,False,1,0,0.4765
0,0,1,0,52,1,1,102.7,5138.1,False,True,True,False,False,False,False,True,False,False,False,True,False,True,False,True,False,False,True,False,False,0,0,0.3149
1,0,0,0,15,1,1,58.6,939.7,False,True,False,False,False,False,False,True,False,False,False,True,False,False,False,False,False,False,True,False,False,1,0,0.2234
1,1,0,0,24,1,1,76.1,1712.7,False,True,True,False,False,False,False,False,False,False,False,False,False,False,False,False,False,False,False,True,False,1,1,0.5987
1,0,1,1,30,1,1,94.4,2838.7,False,True,True,False,False,True,False,True,False,False,False,False,False,True,False,False,False,False,False,True,False,1,0,0.4149
1,0,0,0,3,1,1,77.4,206.15,False,False,False,False,False,True,False,False,False,True,False,False,False,True,False,True,False,False,False,True,False,0,0,0.4717
1,0,1,0,23,1,1,99.25,2186.4,False,True,True,False,False,True,False,True,False,True,False,False,False,True,False,False,False,False,False,True,False,1,1,0.5174
0,0,0,0,29,1,0,19.35,601.6,False,False,False,True,True,False,True,False,True,False,True,False,True,False,True,False,False,False,True,False,False,0,0,0.0553
0,0,0,0,1,0,0,24.4,24.4,True,False,False,False,False,False,False,False,False,False,False,False,False,False,False,False,False,False,False,False,True,0,1,0.5144
1,0,0,0,2,1,1,50.2,109.25,False,False,False,False,False,False,False,False,False,False,False,True,False,False,False,False,False,False,True,False,False,0,0,0.2962
1,0,1,1,40,1,1,81.2,3292.3,False,True,True,False,False,False,False,False,False,True,False,False,False,False,False,False,False,False,False,True,False,0,0,0.3759
1,0,0,0,1,1,0,44.0,44.0,False,False,False,False,False,False,False,False,False,False,False,False,False,False,False,False,False,False,False,True,False,0,0,0.4372
1,0,1,0,62,0,1,39.0,2337.45,True,False,False,False,False,False,False,False,False,False,False,True,False,True,False,False,False,True,False,False,False,0,0,0.0183
1,0,0,0,32,1,0,20.35,707.5,False,False,False,True,True,False,True,False,True,False,True,False,True,False,True,False,True,False,True,False,False,0,0,0.0218
0,0,1,1,33,1,0,19.8,641.35,False,False,False,True,True,False,True,False,True,False,True,False,True,False,True,False,False,True,True,False,False,0,0,0.0103
0,0,1,1,71,1,0,20.5,1500.95,False,False,False,True,True,False,True,False,True,False,True,False,True,False,True,False,False,True,False,False,False,0,0,0.0016
0,0,1,1,10,1,0,20.15,220.8,False,False,False,True,True,False,True,False,True,False,True,False,True,False,True,False,False,True,False,False,True,0,0,0.0365
0,0,0,1,15,1,0,65.6,1010.0,False,False,False,False,False,True,False,True,False,True,False,True,False,False,False,False,True,False,True,False,False,0,0,0.0397
1,0,1,0,43,1,1,86.1,3551.65,False,False,True,False,False,True,False,True,False,True,False,False,False,False,False,False,False,False,True,False,False,0,0,0.171
1,0,0,0,2,1,1,85.65,181.5,False,True,True,False,False,False,False,False,False,False,False,False,False,True,False,False,False,False,False,True,False,1,1,0.7694
1,0,0,0,5,1,1,94.85,462.8,False,True,True,False,False,False,False,False,False,False,False,False,False,True,False,True,False,False,False,False,False,1,1,0.7533
0,0,0,0,68,0,0,38.9,2719.2,True,False,False,False,False,True,False,False,False,True,False,True,False,False,False,False,False,True,False,False,True,0,0,0.0051
1,0,0,0,2,1,0,44.65,74.9,False,False,False,False,False,False,False,False,False,False,False,False,False,False,False,False,False,False,False,False,True,1,0,0.3447
0,1,1,1,66,1,1,110.6,7210.85,False,True,True,False,False,True,False,True,False,False,False,True,False,True,False,True,True,False,True,False,False,0,0,0.0993
1,0,0,0,1,1,1,69.65,69.65,False,False,True,False,False,False,False,False,False,False,False,False,False,False,False,False,False,False,False,True,False,1,1,0.6904
0,1,0,0,50,1,1,83.4,4113.7,False,True,True,False,False,True,False,True,False,False,False,False,False,False,False,False,False,False,False,True,False,0,0,0.2932
0,0,0,0,15,1,1,94.0,1505.45,False,False,True,False,False,False,False,False,False,True,False,False,False,True,False,True,False,False,True,False,False,0,1,0.626
1,0,1,0,65,1,1,104.25,6812.95,False,True,True,False,False,True,False,False,False,True,False,False,False,True,False,True,False,False,False,True,False,0,0,0.3507
1,1,1,0,68,1,1,105.3,7299.65,False,True,True,False,False,False,False,True,False,True,False,False,False,True,False,True,False,False,False,True,False,1,0,0.4795
0,0,1,1,72,1,1,20.7,1482.3,False,False,False,True,True,False,True,False,True,False,True,False,True,False,True,False,False,True,False,False,True,0,0,0.0019
0,0,0,0,10,1,1,81.0,818.05,False,True,True,False,False,False,False,True,False,False,False,False,False,False,False,False,False,False,True,False,False,1,1,0.5499
1,0,1,0,58,0,1,45.0,2689.35,True,False,False,False,False,False,False,False,False,False,False,False,False,True,False,True,True,False,True,False,False,0,0,0.0708
1,0,0,0,1,1,1,89.25,89.25,False,False,True,False,False,False,False,False,False,False,False,False,False,True,False,True,False,False,False,True,False,0,1,0.7842
0,0,0,0,12,1,1,86.55,1066.9,False,True,True,False,False,False,False,False,False,False,False,False,False,False,False,True,False,False,False,True,False,0,1,0.7147
1,0,0,0,55,1,1,77.8,4323.35,False,True,False,False,False,False,False,False,False,True,False,False,False,True,False,True,False,True,False,False,False,0,0,0.055
1,0,0,0,3,1,1,74.4,229.55,False,True,True,False,False,False,False,False,False,False,False,False,False,False,False,False,False,False,False,True,False,1,1,0.723
0,0,0,1,15,1,0,69.0,994.8,False,False,True,False,False,False,False,False,False,False,False,False,False,False,False,False,False,False,False,False,False,1,0,0.3901
0,0,0,0,54,1,1,97.2,5129.45,False,True,True,False,False,False,False,True,False,False,False,False,False,True,False,True,False,True,False,False,False,0,0,0.1537
0,1,1,1,12,0,1,29.3,355.9,True,False,False,False,False,False,False,False,False,False,False,True,False,False,False,False,False,False,False,False,True,0,0,0.3674
1,0,0,0,2,1,0,20.0,32.7,False,False,False,True,True,False,True,False,True,False,True,False,True,False,True,False,False,False,False,False,True,0,0,0.1992
1,0,0,1,13,1,0,44.0,659.35,False,False,False,False,False,False,False,False,False,False,False,False,False,False,False,False,False,False,False,False,True,0,0,0.2115
0,0,1,0,20,1,1,69.8,1540.35,False,False,True,False,False,False,False,False,False,False,False,False,False,False,False,False,False,False,False,False,False,0,0,0.4878
0,0,1,0,72,0,0,65.5,4919.7,True,False,False,False,False,True,False,True,False,True,False,True,False,True,False,True,False,True,False,False,False,0,0,0.0121
0,0,1,0,67,1,0,65.65,4322.85,False,True,False,False,False,True,False,True,False,True,False,False,False,False,False,False,False,True,False,False,True,0,0,0.0081
1,0,0,1,11,1,0,86.2,893.2,False,True,True,False,False,False,False,False,False,False,False,False,False,False,False,True,False,False,False,True,False,0,1,0.6006
1,0,0,0,1,1,0,55.05,55.05,False,False,False,False,False,False,False,False,False,True,False,True,False,False,False,False,False,False,False,False,True,0,0,0.2613
0,0,1,1,72,1,0,89.8,6510.45,False,True,False,False,False,True,False,True,False,True,False,True,False,True,False,True,False,True,True,False,False,0,0,0.0094
1,0,1,0,30,1,1,50.0,1474.9,False,False,False,False,False,False,False,False,False,True,False,False,False,False,False,False,False,False,False,False,True,0,0,0.1727
0,1,0,0,27,1,1,86.45,2401.05,False,True,True,False,False,False,False,True,False,True,False,False,False,False,False,False,False,False,False,False,False,0,1,0.5133
0,0,1,1,14,1,0,59.45,780.85,False,False,False,False,False,True,False,True,False,False,False,True,False,False,False,False,False,False,False,False,False,0,0,0.1004
0,0,0,0,1,1,0,43.95,43.95,False,False,False,False,False,False,False,False,False,False,False,False,False,False,False,False,False,False,True,False,False,0,0,0.3495
0,0,0,0,46,1,0,79.2,3593.8,False,True,False,False,False,True,False,False,False,True,False,False,False,True,False,True,False,True,False,False,True,0,0,0.0385
0,1,0,0,1,1,1,74.2,74.2,False,True,True,False,False,False,False,False,False,False,False,False,False,False,False,False,False,False,False,True,False,1,1,0.7898
0,0,0,0,52,0,0,39.1,1982.1,True,False,False,False,False,True,False,True,False,False,False,True,False,False,False,False,False,True,False,False,True,0,0,0.0093
1,0,0,0,1,1,0,45.3,45.3,False,False,False,False,False,False,False,False,False,False,False,False,False,False,False,False,False,False,False,True,False,1,0,0.4306
1,0,1,0,22,1,1,94.7,1914.9,False,False,True,False,False,False,False,False,False,True,False,False,False,True,False,True,False,False,True,False,False,1,1,0.5578
0,1,0,0,63,1,1,89.6,5538.8,False,True,True,False,False,False,False,False,False,True,False,False,False,False,False,True,False,False,False,False,False,0,0,0.3325
0,0,1,1,1,1,1,69.8,69.8,False,False,True,False,False,False,False,False,False,False,False,False,False,False,False,False,False,False,False,True,False,1,1,0.6599
1,0,1,0,32,1,1,72.8,2333.05,False,True,False,False,False,True,False,False,False,False,False,True,False,True,False,False,True,False,True,False,False,0,0,0.0615
0,0,0,0,5,1,0,50.55,244.75,False,False,False,False,False,False,False,True,False,False,False,False,False,False,False,False,False,False,False,False,False,0,0,0.3073
1,0,0,0,54,1,1,69.9,3883.3,False,False,False,False,False,True,False,True,False,False,False,True,False,True,False,False,False,False,False,False,True,0,0,0.0459
0,0,0,0,1,1,0,19.5,19.5,False,False,False,True,True,False,True,False,True,False,True,False,True,False,True,False,False,False,False,False,True,0,0,0.2151
0,0,0,0,18,1,1,99.85,1776.95,False,True,True,False,False,False,False,False,False,False,False,True,False,True,False,True,False,False,False,False,False,1,1,0.59
1,0,0,0,6,1,0,60.9,414.1,False,False,False,False,False,False,False,False,False,True,False,False,False,True,False,False,False,False,False,False,True,0,0,0.356
1,0,1,1,6,1,1,55.3,324.25,False,False,False,False,False,False,False,True,False,True,False,False,False,False,False,False,False,False,False,False,True,1,0,0.2987
1,0,0,0,1,1,0,19.1,19.1,False,False,False,True,True,False,True,False,True,False,True,False,True,False,True,False,False,False,False,False,True,0,0,0.2112
1,0,0,0,17,1,1,55.5,934.15,False,False,False,False,False,True,False,True,False,False,False,False,False,False,False,False,False,False,True,False,False,0,0,0.1606
1,1,1,0,1,1,1,80.3,80.3,False,True,True,False,False,True,False,False,False,False,False,False,False,False,False,False,False,False,False,True,False,1,1,0.7053
0,0,1,0,9,1,1,79.75,769.1,False,False,True,False,False,False,False,False,False,False,False,False,False,False,False,True,False,False,False,True,False,0,1,0.7049
1,0,1,1,72,1,0,88.7,6501.35,False,True,False,False,False,True,False,True,False,True,False,True,False,True,False,True,False,True,True,False,False,0,0,0.0093
1,0,0,0,12,1,0,50.25,593.75,False,False,False,False,False,False,False,False,False,False,False,True,False,False,False,False,False,False,False,False,False,1,0,0.1914
0,0,1,1,39,1,1,19.85,854.8,False,False,False,True,True,False,True,False,True,False,True,False,True,False,True,False,False,True,False,False,False,0,0,0.0116
1,1,1,0,35,1,1,94.55,3365.4,False,True,True,False,False,True,False,True,False,False,False,False,False,False,False,True,False,False,False,True,False,0,1,0.5038
0,0,0,0,72,1,1,107.5,7853.7,False,True,True,False,False,False,False,False,False,True,False,True,False,True,False,True,False,True,True,False,False,0,0,0.0759
0,0,0,1,17,1,1,55.85,937.5,False,True,False,False,False,False,False,False,False,True,False,False,False,False,False,False,True,False,False,False,True,1,0,0.1457
1,0,0,0,72,1,0,69.65,4908.25,False,True,False,False,False,True,False,True,False,True,False,True,False,False,False,False,False,True,False,False,False,0,0,0.0048
0,0,0,0,59,1,1,83.25,4949.1,False,True,True,False,False,False,False,True,False,True,False,False,False,False,False,False,False,False,False,True,False,0,0,0.2727
1,0,1,0,72,1,1,99.4,7285.7,False,True,True,False,False,False,False,True,False,False,False,False,False,True,False,True,False,True,False,True,False,0,0,0.1334
1,1,1,1,60,1,1,80.95,4859.1,False,True,True,False,False,True,False,False,False,False,False,False,False,False,False,False,False,False,False,True,False,0,0,0.2027
0,1,0,0,72,1,1,117.35,8436.25,False,True,True,False,False,True,False,True,False,True,False,True,False,True,False,True,False,True,True,False,False,0,0,0.0672
1,0,0,0,15,0,1,29.7,438.25,True,False,False,False,False,False,False,False,False,False,False,True,False,False,False,False,False,False,False,True,False,1,0,0.3778
1,0,1,0,68,0,1,54.1,3794.5,True,False,False,False,False,True,False,False,False,True,False,False,False,True,False,True,False,True,False,False,False,0,0,0.0243
0,1,0,0,71,1,0,104.05,7413.55,False,True,True,False,False,False,False,False,False,True,False,False,False,True,False,True,False,True,False,False,False,0,0,0.1129
1,0,1,1,58,1,1,105.05,6004.85,False,True,True,False,False,False,False,False,False,True,False,True,False,True,False,True,True,False,False,False,False,0,0,0.1558
1,0,0,0,44,1,0,100.55,4398.15,False,False,True,False,False,False,False,True,False,False,False,True,False,True,False,True,False,False,False,True,False,1,0,0.317
0,1,1,0,72,1,1,109.75,8075.35,False,True,True,False,False,True,False,False,False,True,False,True,False,True,False,True,False,True,False,False,True,0,0,0.0803
1,0,1,1,6,1,0,25.4,153.3,False,True,False,True,True,False,True,False,True,False,True,False,True,False,True,False,False,True,False,False,True,0,0,0.0534
0,0,0,0,9,1,0,20.25,186.15,False,False,False,True,True,False,True,False,True,False,True,False,True,False,True,False,False,False,False,False,True,0,0,0.1505
1,0,1,1,66,1,0,20.0,1374.2,False,False,False,True,True,False,True,False,True,False,True,False,True,False,True,False,False,True,True,False,False,0,0,0.0018
0,0,0,0,13,1,1,79.25,1111.65,False,False,True,False,False,False,False,True,False,True,False,False,False,False,False,False,False,False,False,True,False,1,1,0.577
1,1,0,0,20,1,1,84.35,1745.2,False,True,True,False,False,False,False,False,False,False,False,False,False,True,False,False,False,False,False,True,False,0,1,0.713
1,0,0,1,1,1,1,19.2,19.2,False,False,False,True,True,False,True,False,True,False,True,False,True,False,True,False,False,False,False,False,True,0,0,0.2202
0,0,1,1,5,1,1,24.3,132.25,False,True,False,True,True,False,True,False,True,False,True,False,True,False,True,False,False,False,False,False,True,0,0,0.2378
1,0,1,0,51,1,1,83.85,4307.1,False,False,False,False,False,True,False,True,False,True,False,True,False,True,False,True,False,True,True,False,False,0,0,0.0211
1,0,0,0,32,1,1,80.35,2596.15,False,True,True,False,False,False,False,True,False,False,False,False,False,False,False,False,False,False,False,False,False,1,0,0.3945
1,0,1,0,67,1,1,90.6,6056.15,False,False,True,False,False,True,False,True,False,False,False,False,False,False,False,True,True,False,True,False,False,1,0,0.0619
1,0,1,1,12,1,1,25.4,313.0,False,True,False,True,True,False,True,False,True,False,True,False,True,False,True,False,False,True,False,False,False,0,0,0.0552
1,0,0,0,27,1,1,81.3,2272.8,False,True,True,False,False,False,False,False,False,True,False,False,False,False,False,False,False,False,False,True,False,0,1,0.5279
1,1,1,0,60,1,1,97.95,5867.0,False,False,True,False,False,False,False,True,False,True,False,False,False,True,False,True,True,False,False,True,False,0,0,0.2706
0,0,0,1,18,1,0,64.8,1166.7,False,True,False,False,False,True,False,False,False,False,False,False,False,False,False,True,False,False,False,True,False,0,0,0.2507
0,1,0,0,3,1,1,70.3,235.5,False,False,True,False,False,False,False,False,False,False,False,False,False,False,False,False,False,False,False,True,False,1,1,0.7333
0,0,0,0,1,1,0,19.3,19.3,False,False,False,True,True,False,True,False,True,False,True,False,True,False,True,False,False,False,False,True,False,1,0,0.2761
0,0,0,0,2,1,0,20.35,45.3,False,False,False,True,True,False,True,False,True,False,True,False,True,False,True,False,False,False,False,False,True,0,0,0.2037
0,0,0,0,30,0,1,40.35,1187.05,True,False,False,False,False,False,False,False,False,False,False,True,False,False,False,True,True,False,True,False,False,0,0,0.113
1,0,1,0,71,1,1,109.6,7854.15,False,True,True,False,False,True,False,True,False,True,False,False,False,True,False,True,True,False,False,True,False,0,0,0.1749
0,0,1,0,17,1,0,92.6,1579.7,False,True,True,False,False,False,False,False,False,False,False,False,False,True,False,True,False,False,False,True,False,0,1,0.7043
1,0,0,0,3,1,0,84.3,235.05,False,False,True,False,False,False,False,True,False,False,False,False,False,False,False,True,False,False,False,True,False,0,1,0.6435
0,0,0,0,1,1,0,45.3,45.3,False,False,False,False,False,False,False,False,False,False,False,False,False,False,False,False,False,False,False,False,True,0,0,0.3602
0,1,0,0,67,1,0,54.9,3725.5,False,True,False,False,False,False,False,True,False,False,False,False,False,False,False,False,False,False,False,True,False,0,0,0.0664
1,0,0,0,31,1,0,81.7,2548.65,False,True,True,False,False,False,False,False,False,False,False,True,False,False,False,False,True,False,True,False,False,0,0,0.1309
1,1,0,0,29,1,1,101.45,2948.6,False,False,True,False,False,False,False,True,False,True,False,False,False,True,False,True,False,False,False,False,False,0,1,0.5805
1,1,1,0,41,1,1,83.75,3273.55,False,True,True,False,False,True,False,False,False,True,False,False,False,False,False,False,False,False,False,False,False,1,0,0.3201
1,0,0,0,11,1,1,79.5,795.65,False,False,True,False,False,True,False,False,False,True,False,False,False,False,False,False,False,False,False,False,False,0,0,0.4277
1,0,1,1,24,1,1,70.3,1706.45,False,False,False,False,False,True,False,True,False,False,False,True,False,False,False,True,False,False,True,False,False,0,0,0.1027
1,0,0,1,18,1,1,45.65,747.2,False,False,False,False,False,False,False,False,False,False,False,False,False,False,False,False,False,False,True,False,False,0,0,0.1949
1,0,1,1,25,1,0,85.9,2199.05,False,False,True,False,False,False,False,False,False,False,False,True,False,True,False,False,False,False,False,True,False,0,0,0.3498
0,1,1,0,13,0,0,45.3,528.45,True,False,False,False,False,False,False,False,False,False,False,False,False,True,False,True,False,False,False,True,False,0,1,0.6446
1,0,0,0,4,1,1,79.9,324.3,False,False,True,False,False,False,False,False,False,False,False,False,False,False,False,True,False,False,False,True,False,1,1,0.72
0,0,0,0,29,0,1,31.2,926.2,True,False,False,False,False,False,False,False,False,False,False,True,False,False,False,False,False,False,False,True,False,0,0,0.2361
0,0,1,0,72,1,0,80.45,5737.6,False,True,True,False,False,True,False,False,False,False,False,False,False,False,False,False,False,True,False,False,False,0,0,0.0248
1,0,1,1,70,1,0,20.05,1360.25,False,False,False,True,True,False,True,False,True,False,True,False,True,False,True,False,False,True,True,False,False,0,0,0.0014
1,0,1,1,67,1,0,103.15,6895.5,False,False,True,False,False,False,False,True,False,True,False,True,False,True,False,True,False,True,False,False,False,0,0,0.0437
0,0,1,0,20,1,1,81.0,1683.7,False,False,True,False,False,False,False,False,False,True,False,True,False,False,False,False,False,False,False,False,True,0,0,0.3689
1,0,0,0,64,1,1,100.3,6603.8,False,False,True,False,False,True,False,True,False,False,False,False,False,True,False,True,True,False,True,False,False,0,0,0.1008
0,0,0,1,18,0,1,35.0,553.0,True,False,False,False,False,False,False,False,False,False,False,False,False,False,False,True,False,False,False,True,False,1,0,0.4586
1,0,0,0,1,1,1,49.3,49.3,False,False,False,False,False,False,False,False,False,False,False,True,False,False,False,False,False,False,False,True,False,0,0,0.4002
1,0,1,1,72,1,1,83.55,6093.3,False,True,False,False,False,True,False,False,False,True,False,True,False,True,False,True,False,True,True,False,False,0,0,0.0122
1,0,1,0,67,1,1,100.9,6733.15,False,False,True,False,False,True,False,True,False,False,False,False,False,True,False,True,True,False,True,False,False,0,0,0.0921
1,0,0,0,5,1,1,70.0,347.4,False,False,False,False,False,False,False,False,False,True,False,False,False,True,False,True,True,False,False,False,True,1,0,0.3131
1,0,0,0,24,1,1,55.65,1400.55,False,True,False,False,False,True,False,False,False,False,False,False,False,False,False,False,False,False,False,False,False,1,0,0.1913
0,0,1,0,59,1,0,20.35,1267.0,False,False,False,True,True,False,True,False,True,False,True,False,True,False,True,False,True,False,False,False,True,0,0,0.0063
0,0,0,0,71,1,1,111.25,7984.15,False,True,True,False,False,False,False,True,False,True,False,True,False,True,False,True,False,True,False,True,False,0,0,0.1094
0,0,0,0,1,1,0,73.5,73.5,False,False,True,False,False,False,False,False,False,True,False,False,False,False,False,False,False,False,False,False,False,1,1,0.5753
0,0,1,1,36,1,0,19.2,702.9,False,False,False,True,True,False,True,False,True,False,True,False,True,False,True,False,False,False,False,False,False,0,0,0.0376
0,0,1,1,25,1,1,18.7,383.65,False,False,False,True,True,False,True,False,True,False,True,False,True,False,True,False,False,True,False,False,True,0,0,0.0218
1,0,1,1,6,1,1,69.8,377.85,False,False,True,False,False,False,False,False,False,False,False,False,False,False,False,False,False,False,False,True,False,0,1,0.6061
1,0,1,0,50,1,1,98.25,4858.7,False,True,True,False,False,False,False,True,False,False,False,False,False,True,False,True,True,False,False,True,False,0,0,0.3239
0,0,0,0,3,1,0,19.85,63.75,False,False,False,True,True,False,True,False,True,False,True,False,True,False,True,False,False,False,False,False,True,1,0,0.1968
0,0,1,0,62,1,1,84.95,5150.55,False,True,False,False,False,True,False,True,False,False,False,True,False,True,False,True,False,True,False,True,False,0,0,0.0273
0,0,0,0,6,1,1,91.1,455.3,False,False,True,False,False,False,False,False,False,False,False,False,False,True,False,True,False,False,False,True,False,1,1,0.7504
0,0,0,0,5,1,0,25.45,134.75,False,True,False,True,True,False,True,False,True,False,True,False,True,False,True,False,False,False,False,False,True,0,0,0.2151
0,0,1,1,68,1,1,103.75,7039.45,False,True,True,False,False,False,False,True,False,False,False,True,False,True,False,True,False,True,True,False,False,0,0,0.0626
1,0,0,1,14,1,0,76.1,1054.8,False,False,False,False,False,True,False,True,False,True,False,True,False,False,False,True,False,True,False,False,False,0,0,0.0346
0,1,1,0,30,1,1,90.05,2627.2,False,True,True,False,False,False,False,True,False,False,False,False,False,True,False,False,False,False,False,True,False,0,1,0.6305
0,0,1,1,37,1,1,95.15,3532.85,False,True,True,False,False,False,False,True,False,True,False,False,False,False,False,True,False,False,False,True,False,0,0,0.4798
0,0,1,1,69,1,0,113.25,7895.15,False,True,True,False,False,True,False,True,False,True,False,True,False,True,False,True,False,True,True,False,False,0,0,0.0379
1,0,0,1,27,1,1,25.85,788.55,False,True,False,True,True,False,True,False,True,False,True,False,True,False,True,False,False,True,True,False,False,0,0,0.0224
1,0,1,1,51,1,0,110.05,5686.4,False,True,True,False,False,True,False,True,False,False,False,True,False,True,False,True,True,False,True,False,False,0,0,0.0878
0,0,0,0,7,1,0,61.4,438.9,False,False,False,False,False,True,False,True,False,True,False,False,False,False,False,False,False,False,False,True,False,0,0,0.2504
1,0,0,0,19,1,1,55.0,1046.5,False,False,False,False,False,False,False,False,False,True,False,True,False,False,False,False,False,False,True,False,False,1,0,0.1686
1,0,0,0,25,1,0,19.9,510.8,False,False,False,True,True,False,True,False,True,False,True,False,True,False,True,False,True,False,True,False,False,0,0,0.031
1,0,1,0,56,1,1,100.55,5514.95,False,True,True,False,False,True,False,False,False,False,False,False,False,True,False,True,True,False,False,True,False,0,0,0.2208
0,0,0,0,1,1,0,19.1,19.1,False,False,False,True,True,False,True,False,True,False,True,False,True,False,True,False,False,False,False,False,True,0,0,0.2165
0,1,1,1,68,0,1,53.0,3656.25,True,False,False,False,False,False,False,True,False,True,False,False,False,True,False,True,False,True,False,True,False,0,0,0.045
1,1,1,0,61,1,1,82.15,4904.85,False,True,True,False,False,False,False,True,False,False,False,False,False,False,False,False,False,False,False,True,False,0,0,0.2897
0,0,1,1,68,1,1,19.35,1292.65,False,False,False,True,True,False,True,False,True,False,True,False,True,False,True,False,False,True,False,False,False,0,0,0.0025
1,0,1,1,54,1,0,20.4,1090.6,False,False,False,True,True,False,True,False,True,False,True,False,True,False,True,False,False,True,True,False,False,0,0,0.0033
1,0,0,0,1,1,1,50.45,50.45,False,True,False,False,False,False,False,False,False,False,False,False,False,False,False,False,False,False,False,True,False,1,1,0.5532
1,0,0,0,1,1,0,19.05,19.05,False,False,False,True,True,False,True,False,True,False,True,False,True,False,True,False,False,False,False,False,True,0,0,0.2113
1,0,0,0,12,1,0,94.55,1173.55,False,True,True,False,False,False,False,False,False,False,False,False,False,True,False,True,False,False,False,True,False,0,1,0.7141
0,0,0,0,26,1,1,56.05,1553.2,False,False,False,False,False,False,False,True,False,True,False,False,False,False,False,False,True,False,False,False,True,0,0,0.0961
0,1,0,0,35,1,1,110.8,3836.3,False,True,True,False,False,True,False,True,False,True,False,True,False,True,False,True,True,False,False,False,False,0,0,0.264
0,0,1,1,72,1,0,25.1,1857.85,False,True,False,True,True,False,True,False,True,False,True,False,True,False,True,False,False,True,False,False,False,0,0,0.0022
